,2021 - Multi-state Hemp Dual Purpose Trial (MHDPT) ,,,,,,,,,,,,,,,,,,,,,,,,,,,,,,,,,
,,,,,,,,,,,,,,,,,,,,,,,,,,Record Disease  and Insect Information if Present,,,,,,,,Notes: 
,,,,,,Grain Yield,Grain Yield,Dry Straw Yield,Dry Straw Yield,Plant Population at Establishment,Plant Population at Establishment,Plant Population at Harvest,Plant Population at Harvest,Total Plant Height at Harvest ,Total Plant Height at Harvest ,Stem Diameter at Harvest ,Stem Diameter at Harvest ,Time to 50%  flower (Male),Time to 50%  flower (Female Monoeciuos)  ,Male:Female,Harvest Moisture ,Protein Content ,Oil Content ,1000 Kernal Weight,Lodging,Hemp Leaf Spot ,Powdery Mildew ,Cercospora Leaf Spot ,Southern Blight,Fusarium Head Blight ,Russet Mites ,Corn Ear Worm,Hemp Borer ,
Site,Variety / Line,Rep,Entry,Plot #,,grams/m2,lbs./A,grams/m2,lbs./A,# plants/m2 ,plants/A,# plantsm2 ,plants/A,Mean (cm),SD (cm),Mean (mm),SD (mm),Days,Days ,,%,,,grams,(0-9),,,,,,,,,
Cornell,CFX-1,1,,,,230,2052.7594,227,2025.984277,,,,,138,,,,,,,,,,,,,,,,,,,,
Cornell,CFX-1,2,,,,182,1624.357438,227,2025.984277,,,,,166,,,,,,,,,,,,,,,,,,,,
Cornell,CFX-1,3,,,,82,731.8533512,91,810.3937108,,,,,124,,,,,,,,,,,,,,,,,,,,
Cornell,CFX-1,4,,,,146,1303.055967,204,1823.385849,,,,,135,,,,,,,,,,,,,,,,,,,,
Cornell,CRS-1,1,,,,185,1651.132561,272,2431.181133,,,,,169,,,,,,,,,,,,,,,,,,,,
Cornell,CRS-1,2,,,,55,490.8772478,45,405.1968554,,,,,105,,,,,,,,,,,,,,,,,,,,
Cornell,CRS-1,3,,,,163,1454.781662,250,2228.582705,,,,,145,,,,,,,,,,,,,,,,,,,,
Cornell,CRS-1,4,,,,106,946.054332,182,1620.787422,,,,,155,,,,,,,,,,,,,,,,,,,,
Cornell,Fedora 17,1,,,,132,1178.105395,658,5875.354404,,,,,157,,,,,,,,,,,,,,,,,,,,
Cornell,Fedora 17,2,,,,176,1570.807193,477,4254.566982,,,,,132,,,,,,,,,,,,,,,,,,,,
Cornell,Fedora 17,3,,,,167,1490.481825,636,5672.755976,,,,,157,,,,,,,,,,,,,,,,,,,,
Cornell,Fedora 17,4,,,,178,1588.657275,431,3849.370127,,,,,133,,,,,,,,,,,,,,,,,,,,
Cornell,Felina 32,1,,,,152,1356.606212,477,4254.566982,,,,,156,,,,,,,,,,,,,,,,,,,,
Cornell,Felina 32,2,,,,169,1508.331907,726,6483.149687,,,,,155,,,,,,,,,,,,,,,,,,,,
Cornell,Felina 32,3,,,,169,1508.331907,817,7293.543398,,,,,178,,,,,,,,,,,,,,,,,,,,
Cornell,Felina 32,4,,,,101,901.4291277,477,4254.566982,,,,,137,,,,,,,,,,,,,,,,,,,,
Cornell,Futura 75,1,,,,302,2695.362342,545,4862.362265,,,,,150,,,,,,,,,,,,,,,,,,,,
Cornell,Futura 75,2,,,,65,580.1276564,204,1823.385849,,,,,133,,,,,,,,,,,,,,,,,,,,
Cornell,Futura 75,3,,,,82,731.8533512,204,1823.385849,,,,,107,,,,,,,,,,,,,,,,,,,,
Cornell,Futura 75,4,,,,156,1392.306375,409,3646.771699,,,,,147,,,,,,,,,,,,,,,,,,,,
Cornell,Hlukhovskii 51,1,,,,53,473.027166,295,2633.77956,,,,,130,,,,,,,,,,,,,,,,,,,,
Cornell,Hlukhovskii 51,2,,,,13,116.0255313,114,1012.992139,,,,,90,,,,,,,,,,,,,,,,,,,,
Cornell,Hlukhovskii 51,3,,,,12,107.1004904,204,1823.385849,,,,,107,,,,,,,,,,,,,,,,,,,,
Cornell,Hlukhovskii 51,4,,,,77,687.2281469,431,3849.370127,,,,,145,,,,,,,,,,,,,,,,,,,,
Cornell,Hlesia,1,,,,,,,,,,,,,,,,,,,,,,,,,,,,,,,,
Cornell,Hlesia,2,,,,54,481.9522069,590,5267.55912,,,,,162,,,,,,,,,,,,,,,,,,,,
Cornell,Hlesia,3,,,,24,214.2009808,182,1620.787422,,,,,130,,,,,,,,,,,,,,,,,,,,
Cornell,Hlesia,4,,,,62,553.3525338,341,3038.976416,,,,,126,,,,,,,,,,,,,,,,,,,,
Cornell,Hliana,1,,,,41,365.9266756,272,2431.181133,,,,,111,,,,,,,,,,,,,,,,,,,,
Cornell,Hliana,2,,,,66,589.0526973,454,4051.968554,,,,,129,,,,,,,,,,,,,,,,,,,,
Cornell,Hliana,3,,,,61,544.427493,522,4659.763837,,,,,148,,,,,,,,,,,,,,,,,,,,
Cornell,Hliana,4,,,,31,276.6762669,295,2633.77956,,,,,131,,,,,,,,,,,,,,,,,,,,
Cornell,Katani,1,,,,175,1561.882152,159,1418.188994,,,,,127,,,,,,,,,,,,,,,,,,,,
Cornell,Katani,2,,,,151,1347.681171,91,810.3937108,,,,,112,,,,,,,,,,,,,,,,,,,,
Cornell,Katani,3,,,,157,1401.231416,114,1012.992139,,,,,97,,,,,,,,,,,,,,,,,,,,
Cornell,Katani,4,,,,82,731.8533512,91,810.3937108,,,,,97,,,,,,,,,,,,,,,,,,,,
Cornell,USO 31,1,,,,86,767.5535147,295,2633.77956,,,,,126,,,,,,,,,,,,,,,,,,,,
Cornell,USO 31,2,,,,54,481.9522069,136,1215.590566,,,,,108,,,,,,,,,,,,,,,,,,,,
Cornell,USO 31,3,,,,78,696.1531877,772,6888.346542,,,,,157,,,,,,,,,,,,,,,,,,,,
Cornell,USO 31,4,,,,126,1124.555149,454,4051.968554,,,,,138,,,,,,,,,,,,,,,,,,,,
Cornell,CFX-1,1,,,,197,1758.233051,159,1418.188994,,,,,135,,,,,,,,,,,,,,,,,,,,
Cornell,CFX-1,2,,,,169,1508.331907,136,1215.590566,,,,,129,,,,,,,,,,,,,,,,,,,,
Cornell,CFX-1,3,,,,135,1204.880517,204,1823.385849,,,,,149,,,,,,,,,,,,,,,,,,,,
Cornell,CFX-1,4,,,,101,901.4291277,114,1012.992139,,,,,131,,,,,,,,,,,,,,,,,,,,
Cornell,CRS-1,1,,,,215,1918.883787,295,2633.77956,,,,,146,,,,,,,,,,,,,,,,,,,,
Cornell,CRS-1,2,,,,68,606.902779,91,810.3937108,,,,,135,,,,,,,,,,,,,,,,,,,,
Cornell,CRS-1,3,,,,203,1811.783296,318,2836.377988,,,,,154,,,,,,,,,,,,,,,,,,,,
Cornell,CRS-1,4,,,,100,892.5040868,182,1620.787422,,,,,153,,,,,,,,,,,,,,,,,,,,
Cornell,Fedora 17,1,,,,105,937.1292912,568,5064.960693,,,,,149,,,,,,,,,,,,,,,,,,,,
Cornell,Fedora 17,2,,,,126,1124.555149,658,5875.354404,,,,,158,,,,,,,,,,,,,,,,,,,,
Cornell,Fedora 17,3,,,,129,1151.330272,227,2025.984277,,,,,106,,,,,,,,,,,,,,,,,,,,
Cornell,Fedora 17,4,,,,181,1615.432397,454,4051.968554,,,,,131,,,,,,,,,,,,,,,,,,,,
Cornell,Felina 32,1,,,,118,1053.154822,318,2836.377988,,,,,123,,,,,,,,,,,,,,,,,,,,
Cornell,Felina 32,2,,,,168,1499.406866,454,4051.968554,,,,,133,,,,,,,,,,,,,,,,,,,,
Cornell,Felina 32,3,,,,140,1249.505722,522,4659.763837,,,,,148,,,,,,,,,,,,,,,,,,,,
Cornell,Felina 32,4,,,,164,1463.706702,499,4457.16541,,,,,175,,,,,,,,,,,,,,,,,,,,
Cornell,Futura 75,1,,,,210,1874.258582,658,5875.354404,,,,,198,,,,,,,,,,,,,,,,,,,,
Cornell,Futura 75,2,,,,70,624.7528608,227,2025.984277,,,,,129,,,,,,,,,,,,,,,,,,,,
Cornell,Futura 75,3,,,,89,794.3286373,204,1823.385849,,,,,130,,,,,,,,,,,,,,,,,,,,
Cornell,Futura 75,4,,,,130,1160.255313,318,2836.377988,,,,,144,,,,,,,,,,,,,,,,,,,,
Cornell,Hlukhovskii 51,1,,,,38,339.151553,250,2228.582705,,,,,119,,,,,,,,,,,,,,,,,,,,
Cornell,Hlukhovskii 51,2,,,,23,205.27594,159,1418.188994,,,,,94,,,,,,,,,,,,,,,,,,,,
Cornell,Hlukhovskii 51,3,,,,27,240.9761034,204,1823.385849,,,,,117,,,,,,,,,,,,,,,,,,,,
Cornell,Hlukhovskii 51,4,,,,85,758.6284738,454,4051.968554,,,,,145,,,,,,,,,,,,,,,,,,,,
Cornell,Hlesia,1,,,,,,,,,,,,,,,,,,,,,,,,,,,,,,,,
Cornell,Hlesia,2,,,,53,473.027166,545,4862.362265,,,,,168,,,,,,,,,,,,,,,,,,,,
Cornell,Hlesia,3,,,,36,321.3014713,250,2228.582705,,,,,132,,,,,,,,,,,,,,,,,,,,
Cornell,Hlesia,4,,,,45,401.6268391,272,2431.181133,,,,,143,,,,,,,,,,,,,,,,,,,,
Cornell,Hliana,1,,,,39,348.0765939,272,2431.181133,,,,,117,,,,,,,,,,,,,,,,,,,,
Cornell,Hliana,2,,,,47,419.4769208,318,2836.377988,,,,,134,,,,,,,,,,,,,,,,,,,,
Cornell,Hliana,3,,,,49,437.3270025,499,4457.16541,,,,,148,,,,,,,,,,,,,,,,,,,,
Cornell,Hliana,4,,,,19,169.5757765,227,2025.984277,,,,,111,,,,,,,,,,,,,,,,,,,,
Cornell,Katani,1,,,,114,1017.454659,136,1215.590566,,,,,125,,,,,,,,,,,,,,,,,,,,
Cornell,Katani,2,,,,129,1151.330272,68,607.7952831,,,,,98,,,,,,,,,,,,,,,,,,,,
Cornell,Katani,3,,,,81,722.9283103,23,202.5984277,,,,,71,,,,,,,,,,,,,,,,,,,,
Cornell,Katani,4,,,,74,660.4530243,45,405.1968554,,,,,93,,,,,,,,,,,,,,,,,,,,
Cornell,USO 31,1,,,,110,981.7544955,431,3849.370127,,,,,137,,,,,,,,,,,,,,,,,,,,
Cornell,USO 31,2,,,,59,526.5774112,182,1620.787422,,,,,105,,,,,,,,,,,,,,,,,,,,
Cornell,USO 31,3,,,,72,642.6029425,545,4862.362265,,,,,139,,,,,,,,,,,,,,,,,,,,
Cornell,USO 31,4,,,,62,553.3525338,341,3038.976416,,,,,127,,,,,,,,,,,,,,,,,,,,
Kansas,CFX-1,1,,,,99.82,890.8975795,41,365.9266756,,,22,,33.1,,4.7,,,,,,,,,,,,,,,,,,
Kansas,CFX-1,1,,,,99.35,886.7028103,34,303.4513895,,,16,,37.4,,5.4,,,,,,,,,,,,,,,,,,
Kansas,CFX-1,2,,,,107.92,963.1904105,32,285.6013078,,,17,,26.4,,6.5,,,,,,,,,,,,,,,,,,
Kansas,CFX-1,2,,,,87.26,778.7990662,19,169.5757765,,,10,,21.2,,6.8,,,,,,,,,,,,,,,,,,
Kansas,CFX-1,3,,,,108.44,967.8314318,50,446.2520434,,,23,,32.3,,5.17,,,,,,,,,,,,,,,,,,
Kansas,CFX-1,3,,,,95.87,855.643668,65,580.1276564,,,15,,34.7,,6.3,,,,,,,,,,,,,,,,,,
Kansas,CFX-1,4,,,,83.21,742.6526507,55,490.8772478,,,21,,27.3,,5.4,,,,,,,,,,,,,,,,,,
Kansas,CFX-1,4,,,,62.8,560.4925665,15,133.875613,,,22,,16.7,,4.7,,,,,,,,,,,,,,,,,,
Kansas,CRS-1,1,,,,139.37,1243.882946,79,705.0782286,,,22,,43.7,,6.3,,,,,,,,,,,,,,,,,,
Kansas,CRS-1,1,,,,108.67,969.8841912,58,517.6523704,,,9,,50.1,,7.9,,,,,,,,,,,,,,,,,,
Kansas,CRS-1,2,,,,142.81,1274.585086,44,392.7017982,,,12,,28.8,,9.2,,,,,,,,,,,,,,,,,,
Kansas,CRS-1,2,,,,139.43,1244.418448,92,821.1037599,,,20,,46,,6.8,,,,,,,,,,,,,,,,,,
Kansas,CRS-1,3,,,,176.11,1571.788947,55,490.8772478,,,15,,28.9,,7.4,,,,,,,,,,,,,,,,,,
Kansas,CRS-1,3,,,,151.47,1351.87594,53,473.027166,,,16,,32.1,,58.5,,,,,,,,,,,,,,,,,,
Kansas,CRS-1,4,,,,129.38,1154.721788,103,919.2792094,,,19,,46.2,,6.7,,,,,,,,,,,,,,,,,,
Kansas,CRS-1,4,,,,99.74,890.1835762,72,642.6029425,,,13,,45.8,,8,,,,,,,,,,,,,,,,,,
Kansas,Eletta ,1,,,,,,1015,9058.916481,,,31,,183.1,,9.6,,,,,,,,,,,,,,,,,,
Kansas,Eletta ,1,,,,,,1270,11334.8019,,,50,,161.9,,8.5,,,,,,,,,,,,,,,,,,
Kansas,Eletta ,2,,,,,,997,8898.265746,,,29,,165.3,,9.2,,,,,,,,,,,,,,,,,,
Kansas,Eletta ,2,,,,,,619,5524.600297,,,21,,171.9,,9.1,,,,,,,,,,,,,,,,,,
Kansas,Eletta ,3,,,,,,982,8764.390133,,,84,,127.6,,6,,,,,,,,,,,,,,,,,,
Kansas,Eletta ,3,,,,,,828,7389.933839,,,47,,139.7,,7.8,,,,,,,,,,,,,,,,,,
Kansas,Eletta ,4,,,,,,996,8889.340705,,,48,,157.8,,7.9,,,,,,,,,,,,,,,,,,
Kansas,Eletta ,4,,,,,,1288,11495.45264,,,42,,171.1,,9.6,,,,,,,,,,,,,,,,,,
Kansas,Eletta ,5,,,,,,1013,9041.0664,,,44,,159.1,,8.7,,,,,,,,,,,,,,,,,,
Kansas,Eletta ,5,,,,,,900,8032.536781,,,16,,188,,12.6,,,,,,,,,,,,,,,,,,
Kansas,Eletta ,6,,,,,,1264,11281.25166,,,23,,193.6,,9.6,,,,,,,,,,,,,,,,,,
Kansas,Eletta ,6,,,,,,416,3712.817001,,,13,,205.5,,13.6,,,,,,,,,,,,,,,,,,
Kansas,Fedora 17,1,,,,163.88,1462.635698,176,1570.807193,,,27,,63.7,,7.3,,,,,,,,,,,,,,,,,,
Kansas,Fedora 17,1,,,,157.55,1406.140189,133,1187.030435,,,23,,61.6,,7.5,,,,,,,,,,,,,,,,,,
Kansas,Fedora 17,2,,,,117.05,1044.676034,80,714.0032695,,,17,,45.6,,7.8,,,,,,,,,,,,,,,,,,
Kansas,Fedora 17,2,,,,98.3,877.3315174,75,669.3780651,,,18,,50.2,,7.3,,,,,,,,,,,,,,,,,,
Kansas,Fedora 17,3,,,,187.25,1671.213903,184,1642.20752,,,51,,52.1,,5.9,,,,,,,,,,,,,,,,,,
Kansas,Fedora 17,3,,,,165.78,1479.593275,141,1258.430762,,,46,,45.4,,5.9,,,,,,,,,,,,,,,,,,
Kansas,Fedora 17,4,,,,77.03,687.4958981,118,1053.154822,,,33,,56.1,,6,,,,,,,,,,,,,,,,,,
Kansas,Fedora 17,4,,,,101.36,904.6421424,111,990.6795364,,,46,,42.8,,17.3,,,,,,,,,,,,,,,,,,
Kansas,Felina 32,1,,,,251.22,2242.148767,285,2543.636647,,,39,,70.7,,8.2,,,,,,,,,,,,,,,,,,
Kansas,Felina 32,1,,,,181.35,1618.556161,248,2213.410135,,,33,,74,,8,,,,,,,,,,,,,,,,,,
Kansas,Felina 32,2,,,,196.24,1751.45002,153,1365.531253,,,14,,59.6,,12.6,,,,,,,,,,,,,,,,,,
Kansas,Felina 32,2,,,,168.11,1500.38862,273,2436.536157,,,22,,80.1,,9.4,,,,,,,,,,,,,,,,,,
Kansas,Felina 32,3,,,,115.07,1027.004453,145,1294.130926,,,32,,58.7,,6.8,,,,,,,,,,,,,,,,,,
Kansas,Felina 32,3,,,,163.1,1455.674166,203,1811.783296,,,37,,62.6,,7.3,,,,,,,,,,,,,,,,,,
Kansas,Felina 32,4,,,,157.79,1408.282199,224,1999.209155,,,31,,68.9,,7.8,,,,,,,,,,,,,,,,,,
Kansas,Felina 32,4,,,,180.53,1611.237628,254,2266.960381,,,41,,61.9,,7,,,,,,,,,,,,,,,,,,
Kansas,Fibranova,1,,,,,,950,8478.788825,,,24,,190.8,,9.4,,,,,,,,,,,,,,,,,,
Kansas,Fibranova,1,,,,,,862,7693.385228,,,21,,200.5,,10.4,,,,,,,,,,,,,,,,,,
Kansas,Fibranova,2,,,,,,563,5024.798009,,,17,,161.4,,8.9,,,,,,,,,,,,,,,,,,
Kansas,Fibranova,2,,,,,,697,6220.753485,,,21,,184.7,,10.8,,,,,,,,,,,,,,,,,,
Kansas,Fibranova,3,,,,,,457,4078.743677,,,22,,161.5,,8.3,,,,,,,,,,,,,,,,,,
Kansas,Fibranova,3,,,,,,497,4435.745312,,,19,,165.3,,9.3,,,,,,,,,,,,,,,,,,
Kansas,Fibranova,4,,,,,,856,7639.834983,,,26,,175.2,,9.9,,,,,,,,,,,,,,,,,,
Kansas,Fibranova,4,,,,,,672,5997.627464,,,19,,168.2,,10.2,,,,,,,,,,,,,,,,,,
Kansas,Fibranova,5,,,,,,438,3909.1679,,,12,,143.3,,9,,,,,,,,,,,,,,,,,,
Kansas,Fibranova,5,,,,,,1505,13432.18651,,,17,,160.2,,13.9,,,,,,,,,,,,,,,,,,
Kansas,Fibranova,6,,,,,,938,8371.688334,,,17,,169.3,,10.7,,,,,,,,,,,,,,,,,,
Kansas,Fibranova,6,,,,,,503,4489.295557,,,10,,160.6,,11.1,,,,,,,,,,,,,,,,,,
Kansas,Helena,1,,,,172.48,1539.391049,212,1892.108664,,,11,,100.3,,10.5,,,,,,,,,,,,,,,,,,
Kansas,Helena,1,,,,227.91,2034.106064,295,2632.887056,,,10,,88.8,,14.6,,,,,,,,,,,,,,,,,,
Kansas,Helena,2,,,,305.36,2725.35048,459,4096.593759,,,15,,118.3,,13.5,,,,,,,,,,,,,,,,,,
Kansas,Helena,2,,,,164.22,1465.670211,205,1829.633378,,,12,,95.8,,10.9,,,,,,,,,,,,,,,,,,
Kansas,Helena,3,,,,204.7,1826.955866,238,2124.159727,,,11,,87.7,,11.5,,,,,,,,,,,,,,,,,,
Kansas,Helena,3,,,,229.84,2051.331393,258,2302.660544,,,10,,92.8,,14.8,,,,,,,,,,,,,,,,,,
Kansas,Helena,4,,,,252.67,2255.090076,358,3195.164631,,,19,,92.7,,11.3,,,,,,,,,,,,,,,,,,
Kansas,Helena,4,,,,346.62,3093.597666,378,3373.665448,,,22,,81.2,,8.8,,,,,,,,,,,,,,,,,,
Kansas,Helena,5,,,,393.79,3514.591844,545,4864.147273,,,20,,81.7,,.,,,,,,,,,,,,,,,,,,
Kansas,Helena,5,,,,272.71,2433.947895,383,3418.290653,,,18,,86.4,,10.6,,,,,,,,,,,,,,,,,,
Kansas,Helena,6,,,,144.41,1288.865152,173,1544.03207,,,13,,69.8,,9.1,,,,,,,,,,,,,,,,,,
Kansas,Helena,6,,,,166.77,1488.429066,207,1847.48346,,,13,,75.9,,9.9,,,,,,,,,,,,,,,,,,
Kansas,Hlesia,1,,,,63.07,562.9023276,53,473.027166,,,9,,42.2,,8.5,,,,,,,,,,,,,,,,,,
Kansas,Hlesia,1,,,,47.73,425.9922006,52,464.1021252,,,11,,35.5,,8,,,,,,,,,,,,,,,,,,
Kansas,Hlesia,2,,,,,,,,,,,,,,,,,,,,,,,,,,,,,,,,
Kansas,Hlesia,2,,,,,,,,,,,,,,,,,,,,,,,,,,,,,,,,
Kansas,Hlesia,3,,,,55.82,498.1957813,56,499.8022886,,,15,,38.8,,7,,,,,,,,,,,,,,,,,,
Kansas,Hlesia,3,,,,189.37,1690.134989,150,1338.75613,,,19,,50.7,,7.4,,,,,,,,,,,,,,,,,,
Kansas,Hlesia,4,,,,91.1,813.0712231,119,1062.079863,,,8,,88.5,,10.4,,,,,,,,,,,,,,,,,,
Kansas,Hlesia,4,,,,,,121,1079.929945,,,14,,59.5,,8.9,,,,,,,,,,,,,,,,,,
Kansas,Hlukhovskii 51,3,,,,129.28,1153.829283,139,1240.580681,,,19,,60.7,,8.7,,,,,,,,,,,,,,,,,,
Kansas,Hlukhovskii 51,3,,,,78.61,701.5974627,113,1008.529618,,,23,,49.7,,7.8,,,,,,,,,,,,,,,,,,
Kansas,Hlukhovskii 51,4,,,,49.5,441.789523,54,481.9522069,,,8,,47.4,,9.5,,,,,,,,,,,,,,,,,,
Kansas,Hlukhovskii 51,4,,,,103.68,925.3482372,131,1169.180354,,,22,,47.9,,8.7,,,,,,,,,,,,,,,,,,
Kansas,SSBeta,1,,,,,,1570,14012.31416,,,108,,162.6,,6.7,,,,,,,,,,,,,,,,,,
Kansas,SSBeta,1,,,,,,1820,16243.57438,,,96,,178.8,,7.6,,,,,,,,,,,,,,,,,,
Kansas,SSBeta,2,,,,,,1025,9148.16689,,,137,,147.5,,5,,,,,,,,,,,,,,,,,,
Kansas,SSBeta,2,,,,,,806,7193.58294,,,98,,155.1,,5.4,,,,,,,,,,,,,,,,,,
Kansas,SSBeta,3,,,,,,1099,9808.619914,,,122,,191.9,,5.3,,,,,,,,,,,,,,,,,,
Kansas,SSBeta,3,,,,,,1003,8951.815991,,,116,,141.2,,5.4,,,,,,,,,,,,,,,,,,
Kansas,SSBeta,4,,,,,,1290,11513.30272,,,139,,148.1,,5.4,,,,,,,,,,,,,,,,,,
Kansas,SSBeta,4,,,,,,1144,10210.24675,,,93,,164.5,,5.8,,,,,,,,,,,,,,,,,,
Kansas,SSBeta,5,,,,,,711,6345.704057,,,82,,143,,5.7,,,,,,,,,,,,,,,,,,
Kansas,SSBeta,5,,,,,,540,4819.522069,,,94,,137.3,,4.8,,,,,,,,,,,,,,,,,,
Kansas,SSBeta,6,,,,,,382,3409.365612,,,76,,118,,4.3,,,,,,,,,,,,,,,,,,
Kansas,SSBeta,6,,,,,,1221,10897.4749,,,125,,151.5,,5.8,,,,,,,,,,,,,,,,,,
Kansas,Tygra,1,,,,128.06,1142.940734,102,910.3541686,,,8,,65.6,,10.2,,,,,,,,,,,,,,,,,,
Kansas,Tygra,1,,,,74.21,662.3272828,71,633.6779017,,,7,,66,,9.5,,,,,,,,,,,,,,,,,,
Kansas,Tygra,2,,,,173.02,1544.210571,115,1026.3797,,,19,,52.7,,8.4,,,,,,,,,,,,,,,,,,
Kansas,Tygra,2,,,,70.68,630.8218886,76,678.303106,,,6,,79.5,,10.3,,,,,,,,,,,,,,,,,,
Kansas,Tygra,3,,,,145.71,1300.467705,157,1401.231416,,,25,,51.7,,7.4,,,,,,,,,,,,,,,,,,
Kansas,Tygra,3,,,,115.53,1031.109972,139,1240.580681,,,19,,59.6,,9,,,,,,,,,,,,,,,,,,
Kansas,Tygra,4,,,,61.79,551.4782753,65,580.1276564,,,10,,47.4,,7.5,,,,,,,,,,,,,,,,,,
Kansas,Tygra,4,,,,104.58,933.380774,88,785.4035964,,,9,,52.7,,10.6,,,,,,,,,,,,,,,,,,
Kansas,Tygra,5,,,,233.09,2080.337776,273,2436.536157,,,26,,50.2,,8.8,,,,,,,,,,,,,,,,,,
Kansas,Tygra,5,,,,176.64,1576.519219,151,1347.681171,,,21,,46,,8.6,,,,,,,,,,,,,,,,,,
Kansas,Tygra,6,,,,155.78,1390.342866,124,1106.705068,,,23,,46,,7.1,,,,,,,,,,,,,,,,,,
Kansas,Tygra,6,,,,184.84,1649.704554,130,1160.255313,,,18,,45.8,,8.1,,,,,,,,,,,,,,,,,,
Kansas,Tygra,7,,,,123.55,1102.688799,86,767.5535147,,,15,,28.4,,4.9,,,,,,,,,,,,,,,,,,
Kansas,Tygra,7,,,,128.4,1145.975247,107,954.9793729,,,14,,60.2,,9.3,,,,,,,,,,,,,,,,,,
Kansas,Tygra,8,,,,218.69,1951.817187,147,1311.981008,,,38,,33.9,,6.6,,,,,,,,,,,,,,,,,,
Kansas,Tygra,8,,,,135.5,1209.343038,136,1213.805558,,,32,,40.9,,5.7,,,,,,,,,,,,,,,,,,
Kansas,USO 31,1,,,,140.34,1252.540235,137,1222.730599,,,23,,52,,7.6,,,,,,,,,,,,,,,,,,
Kansas,USO 31,1,,,,129.61,1156.774547,93,830.0288008,,,13,,49.3,,9.4,,,,,,,,,,,,,,,,,,
Kansas,USO 31,2,,,,113.48,1012.813638,93,830.0288008,,,17,,41.2,,8.2,,,,,,,,,,,,,,,,,,
Kansas,USO 31,2,,,,137.93,1231.030887,167,1490.481825,,,18,,63.7,,8.1,,,,,,,,,,,,,,,,,,
Kansas,USO 31,3,,,,145.03,1294.398677,142,1267.355803,,,37,,13,,6.2,,,,,,,,,,,,,,,,,,
Kansas,USO 31,3,,,,110.14,983.0040012,107,954.9793729,,,27,,40,,6.8,,,,,,,,,,,,,,,,,,
Kansas,USO 31,4,,,,153.55,1370.440025,110,981.7544955,,,29,,40.2,,7.6,,,,,,,,,,,,,,,,,,
Kansas,USO 31,4,,,,147.29,1314.569269,127,1133.48019,,,34,,40.6,,6.3,,,,,,,,,,,,,,,,,,
Kansas_Lexington,CFX-2,1,1,105-1,,109.5,976.4,26.9,240.0835994,18,,,,,,,,,,,,,,,,,,,,,,,,
Kansas_Lexington,CFX-2,1,1,105-2,,123.4,1100.4,26.8,239.1910953,21,,,,,,,,,,,,,,,,,,,,,,,,
Kansas_Lexington,CFX-2,2,1,202-1,,155.4,1385.7,27.3,243.6536157,21,,,,,,,,,,,,,,,,,,,,,,,,
Kansas_Lexington,CFX-2,2,1,202-2,,192.8,1719.2,30.6,273.1062506,25,,,,,,,,,,,,,,,,,,,,,,,,
Kansas_Lexington,CFX-2,3,1,312-1,,141.1,1258.2,25.9,231.1585585,25,,,,,,,,,,,,,,,,,,,,,,,,
Kansas_Lexington,CFX-2,3,1,312-2,,140.4,1251.9,24.6,219.5560054,14,,,,,,,,,,,,,,,,,,,,,,,,
Kansas_Lexington,CFX-2,4,1,407-1,,166.4,1483.8,20.1,179.3933215,17,,,,,,,,,,,,,,,,,,,,,,,,
Kansas_Lexington,CFX-2,4,1,407-1*,,135.1,1204.7,17.3,154.403207,18,,,,,,,,,,,,,,,,,,,,,,,,
Kansas_Lexington,CRS-1,1,2,112-1,,165.7,1477.6,49.6,442.6820271,20,,,,,,,,,,,,,,,,,,,,,,,,
Kansas_Lexington,CRS-1,1,2,112-2,,130.7,1165.5,35.5,316.8389508,16,,,,,,,,,,,,,,,,,,,,,,,,
Kansas_Lexington,CRS-1,2,2,204-1,,110.6,986.2,27.8,248.1161361,19,,,,,,,,,,,,,,,,,,,,,,,,
Kansas_Lexington,CRS-1,2,2,204-2,,144.6,1289.4,31.3,279.3537792,20,,,,,,,,,,,,,,,,,,,,,,,,
Kansas_Lexington,CRS-1,3,2,316-1,,212.2,1892.2,58.34,520.6868843,16,,,,,,,,,,,,,,,,,,,,,,,,
Kansas_Lexington,CRS-1,3,2,316-2,,169.3,1509.7,41.66,371.8172026,13,,,,,,,,,,,,,,,,,,,,,,,,
Kansas_Lexington,CRS-1,4,2,418-1,,110.1,981.8,21.8,194.5658909,12,,,,,,,,,,,,,,,,,,,,,,,,
Kansas_Lexington,CRS-1,4,2,418-2,,129.3,1153,34.1,304.3438936,25,,,,,,,,,,,,,,,,,,,,,,,,
Kansas_Lexington,CS Seme,1,3,118-1,,106.5,949.7,33.65,300.3276252,9,,,,,,,,,,,,,,,,,,,,,,,,
Kansas_Lexington,CS Seme,1,3,118-2,,62.5,557.3,20,178.5008174,10,,,,,,,,,,,,,,,,,,,,,,,,
Kansas_Lexington,CS Seme,2,3,203-1,,57.8,515.4,22.3,199.0284114,23,,,,,,,,,,,,,,,,,,,,,,,,
Kansas_Lexington,CS Seme,2,3,203-2,,93.4,832.8,35.1,313.2689345,20,,,,,,,,,,,,,,,,,,,,,,,,
Kansas_Lexington,CS Seme,3,3,317-1,,66.4,592.1,16.8,149.9406866,11,,,,,,,,,,,,,,,,,,,,,,,,
Kansas_Lexington,CS Seme,3,3,317-2,,95.8,854.3,26.1,232.9435667,6,,,,,,,,,,,,,,,,,,,,,,,,
Kansas_Lexington,CS Seme,4,3,417-1,,73.28,653.4,23.88,213.1299759,11,,,,,,,,,,,,,,,,,,,,,,,,
Kansas_Lexington,CS Seme,4,3,417-2,,77.1,687.5,13.44,119.9525493,14,,,,,,,,,,,,,,,,,,,,,,,,
Kansas_Lexington,Fedora 17,1,4,113-1,,72.93,650.3,48.53,433.1322333,20,,,,,,,,,,,,,,,,,,,,,,,,
Kansas_Lexington,Fedora 17,1,4,113-2,,74.99,668.7,56.7,506.0498172,23,,,,,,,,,,,,,,,,,,,,,,,,
Kansas_Lexington,Fedora 17,2,4,217-1,,99.27,885.2,46.38,413.9433955,20,,,,,,,,,,,,,,,,,,,,,,,,
Kansas_Lexington,Fedora 17,2,4,217-2,,77.77,693.5,39.94,356.4661323,30,,,,,,,,,,,,,,,,,,,,,,,,
Kansas_Lexington,Fedora 17,3,4,301-1,,118.48,1056.5,52.32,466.9581382,18,,,,,,,,,,,,,,,,,,,,,,,,
Kansas_Lexington,Fedora 17,3,4,301-2,,127.5,1136.9,57.24,510.8693393,20,,,,,,,,,,,,,,,,,,,,,,,,
Kansas_Lexington,Fedora 17,4,4,403-1,,102.3,912.2,38.22,341.115062,20,,,,,,,,,,,,,,,,,,,,,,,,
Kansas_Lexington,Fedora 17,4,4,403-2,,96.79,863.1,37.25,332.4577723,30,,,,,,,,,,,,,,,,,,,,,,,,
Kansas_Lexington,Felina 32,1,5,109-1,,47.23,421.2,69.99,624.6636104,16,,,,,,,,,,,,,,,,,,,,,,,,
Kansas_Lexington,Felina 32,1,5,109-2,,16.7,148.9,52.4,467.6721415,19,,,,,,,,,,,,,,,,,,,,,,,,
Kansas_Lexington,Felina 32,2,5,214-1,,68.55,611.3,44.5,397.1643186,15,,,,,,,,,,,,,,,,,,,,,,,,
Kansas_Lexington,Felina 32,2,5,214-2,,44.7,398.6,48.4,431.971978,21,,,,,,,,,,,,,,,,,,,,,,,,
Kansas_Lexington,Felina 32,3,5,315-1,,52.48,468,50.53,450.9823151,20,,,,,,,,,,,,,,,,,,,,,,,,
Kansas_Lexington,Felina 32,3,5,315-2,,43.7,389.7,61.5,548.8900134,15,,,,,,,,,,,,,,,,,,,,,,,,
Kansas_Lexington,Felina 32,4,5,413-1,,40.28,359.2,37.89,338.1697985,29,,,,,,,,,,,,,,,,,,,,,,,,
Kansas_Lexington,Felina 32,4,5,413-2,,40.16,358.1,47.84,426.9739551,25,,,,,,,,,,,,,,,,,,,,,,,,
Kansas_Lexington,Futura 75,1,6,116-1,,73.99,659.8,53.36,476.2401807,8,,,,,,,,,,,,,,,,,,,,,,,,
Kansas_Lexington,Futura 75,1,6,116-2,,45.41,404.9,50.63,451.8748192,10,,,,,,,,,,,,,,,,,,,,,,,,
Kansas_Lexington,Futura 75,2,6,216-1,,48.45,432,47.57,424.5641941,8,,,,,,,,,,,,,,,,,,,,,,,,
Kansas_Lexington,Futura 75,2,6,216-2,,44.4,395.9,43.28,386.2757688,16,,,,,,,,,,,,,,,,,,,,,,,,
Kansas_Lexington,Futura 75,3,6,309-1,,74.26,662.2,67.29,600.566,9,,,,,,,,,,,,,,,,,,,,,,,,
Kansas_Lexington,Futura 75,3,6,309-2,,61.15,545.3,53.38,476.4186816,6,,,,,,,,,,,,,,,,,,,,,,,,
Kansas_Lexington,Futura 75,4,6,415-1,,54.33,484.5,39.7,354.3241225,9,,,,,,,,,,,,,,,,,,,,,,,,
Kansas_Lexington,Futura 75,4,6,415-2,,41.12,366.7,32.28,288.1003192,14,,,,,,,,,,,,,,,,,,,,,,,,
Kansas_Lexington,GC-2,1,7,115-1,,99.03,883.1,21.56,192.4238811,11,,,,,,,,,,,,,,,,,,,,,,,,
Kansas_Lexington,GC-2,1,7,115-2,,123.4,1100.4,24.97,222.8582705,18,,,,,,,,,,,,,,,,,,,,,,,,
Kansas_Lexington,GC-2,2,7,207-1,,120.17,1071.6,26.89,239.9943489,16,,,,,,,,,,,,,,,,,,,,,,,,
Kansas_Lexington,GC-2,2,7,207-2,,113.89,1015.6,23.14,206.5254457,11,,,,,,,,,,,,,,,,,,,,,,,,
Kansas_Lexington,GC-2,3,7,318-1,,122.35,1091,18.62,166.184261,15,,,,,,,,,,,,,,,,,,,,,,,,
Kansas_Lexington,GC-2,3,7,318-2,,123.06,1097.3,24.38,217.5924964,14,,,,,,,,,,,,,,,,,,,,,,,,
Kansas_Lexington,GC-2,4,7,408-1,,131.1,1169,19.65,175.3770531,10,,,,,,,,,,,,,,,,,,,,,,,,
Kansas_Lexington,GC-2,4,7,408-2,,120.6,1075.4,24.35,217.3247451,16,,,,,,,,,,,,,,,,,,,,,,,,
Kansas_Lexington,Hlesia,1,8,114-1,,30.19,269.2,40.04,357.3586364,12,,,,,,,,,,,,,,,,,,,,,,,,
Kansas_Lexington,Hlesia,1,8,114-2,,33.01,294.4,42.54,379.6712385,21,,,,,,,,,,,,,,,,,,,,,,,,
Kansas_Lexington,Hlesia,2,8,218-1,,26.83,239.2,25.86,230.8015569,9,,,,,,,,,,,,,,,,,,,,,,,,
Kansas_Lexington,Hlesia,2,8,218-2,,42.97,383.2,38.35,342.2753173,14,,,,,,,,,,,,,,,,,,,,,,,,
Kansas_Lexington,Hlesia,3,8,304-1,,49.9,445,48.99,437.2377521,15,,,,,,,,,,,,,,,,,,,,,,,,
Kansas_Lexington,Hlesia,3,8,304-2,,29.25,260.8,38.39,342.6323189,22,,,,,,,,,,,,,,,,,,,,,,,,
Kansas_Lexington,Hlesia,4,8,402-1,,51.77,461.6,45.42,405.3753562,14,,,,,,,,,,,,,,,,,,,,,,,,
Kansas_Lexington,Hlesia,4,8,402-2,,68.19,608.1,57.96,517.2953687,14,,,,,,,,,,,,,,,,,,,,,,,,
Kansas_Lexington,Hliana,1,9,102-1,,42.41,378.2,59.14,527.826917,17,,,,,,,,,,,,,,,,,,,,,,,,
Kansas_Lexington,Hliana,1,9,102-2,,43.86,391.1,57.02,508.9058303,15,,,,,,,,,,,,,,,,,,,,,,,,
Kansas_Lexington,Hliana,2,9,211-1,,38.6,344.2,38.6,344.5065775,9,,,,,,,,,,,,,,,,,,,,,,,,
Kansas_Lexington,Hliana,2,9,211-2,,43.53,388.2,23.2,207.0609481,17,,,,,,,,,,,,,,,,,,,,,,,,
Kansas_Lexington,Hliana,3,9,306-1,,34.7,309.4,40.1,357.8941388,13,,,,,,,,,,,,,,,,,,,,,,,,
Kansas_Lexington,Hliana,3,9,306-2,,55.2,492.2,68.65,612.7040556,20,,,,,,,,,,,,,,,,,,,,,,,,
Kansas_Lexington,Hliana,4,9,405-1,,56.3,502,51.32,458.0330974,13,,,,,,,,,,,,,,,,,,,,,,,,
Kansas_Lexington,Hliana,4,9,405-2,,30.1,268.4,48.8,435.5419944,23,,,,,,,,,,,,,,,,,,,,,,,,
Kansas_Lexington,Hlukhovskii 51,1,10,117-1,,65.65,585.4,54.26,484.2727175,9,,,,,,,,,,,,,,,,,,,,,,,,
Kansas_Lexington,Hlukhovskii 51,1,10,117-2,,51.65,460.6,39.63,353.6993696,13,,,,,,,,,,,,,,,,,,,,,,,,
Kansas_Lexington,Hlukhovskii 51,2,10,206-1,,33.5,298.7,42.4,378.4217328,15,,,,,,,,,,,,,,,,,,,,,,,,
Kansas_Lexington,Hlukhovskii 51,2,10,206-2,,35.62,317.6,35.83,319.7842143,23,,,,,,,,,,,,,,,,,,,,,,,,
Kansas_Lexington,Hlukhovskii 51,3,10,313-1,,64.34,573.7,45.21,403.5010977,16,,,,,,,,,,,,,,,,,,,,,,,,
Kansas_Lexington,Hlukhovskii 51,3,10,313-2,,47.94,427.5,41.81,373.1559587,11,,,,,,,,,,,,,,,,,,,,,,,,
Kansas_Lexington,Hlukhovskii 51,4,10,410-1,,26.2,233.6,19.1,170.4682806,18,,,,,,,,,,,,,,,,,,,,,,,,
Kansas_Lexington,Hlukhovskii 51,4,10,410-2,,30.16,268.9,19.1,170.4682806,13,,,,,,,,,,,,,,,,,,,,,,,,
Kansas_Lexington,Katani,1,11,104-1,,93.7,835.5,25.9,231.1585585,22,,,,,,,,,,,,,,,,,,,,,,,,
Kansas_Lexington,Katani,1,11,104-2,,90.1,803.4,22.9,204.3834359,22,,,,,,,,,,,,,,,,,,,,,,,,
Kansas_Lexington,Katani,2,11,215-1,,136.1,1213.6,27.2,242.7611116,19,,,,,,,,,,,,,,,,,,,,,,,,
Kansas_Lexington,Katani,2,11,215-2,,105.1,937.2,15.8,141.0156457,28,,,,,,,,,,,,,,,,,,,,,,,,
Kansas_Lexington,Katani,3,11,310-1,,146.2,1303.7,28.92,258.1121819,17,,,,,,,,,,,,,,,,,,,,,,,,
Kansas_Lexington,Katani,3,11,310-2,,157.2,1401.8,29.4,262.3962015,18,,,,,,,,,,,,,,,,,,,,,,,,
Kansas_Lexington,Katani,4,11,406-1,,152.2,1357.2,19.8,176.7158092,18,,,,,,,,,,,,,,,,,,,,,,,,
Kansas_Lexington,Katani,4,11,406-2,,124.1,1106.6,15.1,134.7681171,17,,,,,,,,,,,,,,,,,,,,,,,,
Kansas_Lexington,Martha,1,12,107-1,,94.86,845.9,21.95,195.9046471,14,,,,,,,,,,,,,,,,,,,,,,,,
Kansas_Lexington,Martha,1,12,107-2,,106.93,953.5,24.17,215.7182378,15,,,,,,,,,,,,,,,,,,,,,,,,
Kansas_Lexington,Martha,2,12,212-1,,79.65,710.2,19.36,172.7887912,23,,,,,,,,,,,,,,,,,,,,,,,,
Kansas_Lexington,Martha,2,12,212-2,,93.36,832.5,19.23,171.6285359,32,,,,,,,,,,,,,,,,,,,,,,,,
Kansas_Lexington,Martha,3,12,308-1,,138.18,1232.2,28.31,252.667907,17,,,,,,,,,,,,,,,,,,,,,,,,
Kansas_Lexington,Martha,3,12,308-2,,89.74,800.2,18.9,168.6832724,26,,,,,,,,,,,,,,,,,,,,,,,,
Kansas_Lexington,Martha,4,12,414-1,,61.68,550,15.72,140.3016425,25,,,,,,,,,,,,,,,,,,,,,,,,
Kansas_Lexington,Martha,4,12,414-2,,73.06,651.5,17,151.7256948,38,,,,,,,,,,,,,,,,,,,,,,,,
Kansas_Lexington,Martha,5,12,416-1,,88.87,792.5,17.44,155.6527127,19,,,,,,,,,,,,,,,,,,,,,,,,
Kansas_Lexington,Martha,5,12,416-2,,74.63,665.5,12.9,115.1330272,20,,,,,,,,,,,,,,,,,,,,,,,,
Kansas_Lexington,NWG Elite (452),1,13,108-1,,47.5,423.6,35.2,314.1614386,30,,,,,,,,,,,,,,,,,,,,,,,,
Kansas_Lexington,NWG Elite (452),1,13,108-2,,36.13,322.2,28.39,253.3819103,20,,,,,,,,,,,,,,,,,,,,,,,,
Kansas_Lexington,NWG Elite (452),2,13,213-1,,53.8,479.7,31.9,284.7088037,22,,,,,,,,,,,,,,,,,,,,,,,,
Kansas_Lexington,NWG Elite (452),2,13,213-2,,59.8,533.2,32.5,290.0638282,17,,,,,,,,,,,,,,,,,,,,,,,,
Kansas_Lexington,NWG Elite (452),3,13,314-1,,56.9,507.4,26.4,235.6210789,21,,,,,,,,,,,,,,,,,,,,,,,,
Kansas_Lexington,NWG Elite (452),3,13,314-2,,46.3,412.9,23.7,211.5234686,13,,,,,,,,,,,,,,,,,,,,,,,,
Kansas_Lexington,NWG Elite (452),4,13,409-1,,80.13,714.5,40.15,358.3403909,18,,,,,,,,,,,,,,,,,,,,,,,,
Kansas_Lexington,NWG Elite (452),4,13,409-2,,61.4,547.5,28.3,252.5786566,24,,,,,,,,,,,,,,,,,,,,,,,,
Kansas_Lexington,NWG Rely (331),1,14,106-1,,64.5,575.1,27.5,245.4386239,20,,,,,,,,,,,,,,,,,,,,,,,,
Kansas_Lexington,NWG Rely (331),1,14,106-2,,68.28,608.9,20.16,179.9288239,20,,,,,,,,,,,,,,,,,,,,,,,,
Kansas_Lexington,NWG Rely (331),2,14,201-1,,50.1,446.7,29.5,263.2887056,24,,,,,,,,,,,,,,,,,,,,,,,,
Kansas_Lexington,NWG Rely (331),2,14,201-2,,50.1,446.7,28.6,255.2561688,32,,,,,,,,,,,,,,,,,,,,,,,,
Kansas_Lexington,NWG Rely (331),3,14,307-1,,73.91,659.1,30.24,269.8932359,16,,,,,,,,,,,,,,,,,,,,,,,,
Kansas_Lexington,NWG Rely (331),3,14,307-2,,66.59,593.8,38.12,340.2225579,27,,,,,,,,,,,,,,,,,,,,,,,,
Kansas_Lexington,NWG Rely (331),4,14,404-1,,65.09,580.4,33.98,303.2728887,21,,,,,,,,,,,,,,,,,,,,,,,,
Kansas_Lexington,NWG Rely (331),4,14,404-2,,54.25,483.7,33.94,302.9158871,29,,,,,,,,,,,,,,,,,,,,,,,,
Kansas_Lexington,Santhica,1,15,103-1,,53.1,473.5,63,562.2775747,25,,,,,,,,,,,,,,,,,,,,,,,,
Kansas_Lexington,Santhica,1,15,103-2,,49.7,443.2,23.9,213.3084768,22,,,,,,,,,,,,,,,,,,,,,,,,
Kansas_Lexington,Santhica,2,15,208-1,,52.53,468.4,42.68,380.9207443,17,,,,,,,,,,,,,,,,,,,,,,,,
Kansas_Lexington,Santhica,2,15,208-2,,42.53,379.2,40.53,361.7319064,15,,,,,,,,,,,,,,,,,,,,,,,,
Kansas_Lexington,Santhica,3,15,311-1,,43.41,387.1,35.96,320.9444696,20,,,,,,,,,,,,,,,,,,,,,,,,
Kansas_Lexington,Santhica,3,15,311-2,,50.29,448.4,40.09,357.8048884,21,,,,,,,,,,,,,,,,,,,,,,,,
Kansas_Lexington,Santhica,4,15,412-1,,53.31,475.4,36.95,329.7802601,21,,,,,,,,,,,,,,,,,,,,,,,,
Kansas_Lexington,Santhica,4,15,412-2,,51.81,462,45.55,406.5356116,30,,,,,,,,,,,,,,,,,,,,,,,,
Kansas_Lexington,Tygra,1,16,111-1,,84.35,752.2,46.86,418.2274151,15,,,,,,,,,,,,,,,,,,,,,,,,
Kansas_Lexington,Tygra,1,16,111-2,,76.8,684.8,41.69,372.0849538,23,,,,,,,,,,,,,,,,,,,,,,,,
Kansas_Lexington,Tygra,2,16,210-1,,70.6,629.5,32.7,291.8488364,22,,,,,,,,,,,,,,,,,,,,,,,,
Kansas_Lexington,Tygra,2,16,210-2,,82.53,735.9,43.62,389.3102827,19,,,,,,,,,,,,,,,,,,,,,,,,
Kansas_Lexington,Tygra,3,16,303-1,,79.41,708.1,25.1,224.0185258,16,,,,,,,,,,,,,,,,,,,,,,,,
Kansas_Lexington,Tygra,3,16,303-2,,73.8,658.1,42.3,377.5292287,20,,,,,,,,,,,,,,,,,,,,,,,,
Kansas_Lexington,Tygra,4,16,401-1,,100.94,900.1,34.51,308.0031604,14,,,,,,,,,,,,,,,,,,,,,,,,
Kansas_Lexington,Tygra,4,16,401-2,,132.57,1182.1,47.69,425.635199,34,,,,,,,,,,,,,,,,,,,,,,,,
Kansas_Lexington,USO 31,1,17,101-1,,73.56,655.9,47.71,425.8136998,15,,,,,,,,,,,,,,,,,,,,,,,,
Kansas_Lexington,USO 31,1,17,101-2,,61.56,548.9,44.04,393.0587998,13,,,,,,,,,,,,,,,,,,,,,,,,
Kansas_Lexington,USO 31,2,17,205-1,,64.59,576,56.67,505.782066,16,,,,,,,,,,,,,,,,,,,,,,,,
Kansas_Lexington,USO 31,2,17,205-2,,51.21,456.6,40.19,358.6973925,13,,,,,,,,,,,,,,,,,,,,,,,,
Kansas_Lexington,USO 31,3,17,302-1,,65.4,583.2,51.2,456.9620925,20,,,,,,,,,,,,,,,,,,,,,,,,
Kansas_Lexington,USO 31,3,17,302-2,,64.49,575.1,44.18,394.3083056,25,,,,,,,,,,,,,,,,,,,,,,,,
Kansas_Lexington,USO 31,4,17,411-1,,65.4,583.2,48.3,431.0794739,12,,,,,,,,,,,,,,,,,,,,,,,,
Kansas_Lexington,USO 31,4,17,411-2,,64.1,571.6,44.23,394.7545576,18,,,,,,,,,,,,,,,,,,,,,,,,
Kansas_Lexington,Victoria,1,18,110-1,,112.56,1003.7,26.6,237.4060871,19,,,,,,,,,,,,,,,,,,,,,,,,
Kansas_Lexington,Victoria,1,18,110-2,,87.54,780.6,22.4,199.9209155,14,,,,,,,,,,,,,,,,,,,,,,,,
Kansas_Lexington,Victoria,2,18,209-1,,124.04,1106.1,22.25,198.5821593,12,,,,,,,,,,,,,,,,,,,,,,,,
Kansas_Lexington,Victoria,2,18,209-2,,126.51,1128.1,26.88,239.9050985,25,,,,,,,,,,,,,,,,,,,,,,,,
Kansas_Lexington,Victoria,3,18,305-1,,104.33,930.3,27.08,241.6901067,14,,,,,,,,,,,,,,,,,,,,,,,,
Kansas_Lexington,Victoria,3,18,305-2,,91.32,814.3,19.43,173.4135441,24,,,,,,,,,,,,,,,,,,,,,,,,
Michigan ,Anka,1,,,,25.68,229.1950495,31.83,284.0840508,,,,,,,,,,,,,,,,,,,,,,,,,
Michigan ,Anka,2,,,,28.71,256.2379233,20.15,179.8395735,,,,,,,,,,,,,,,,,,,,,,,,,
Michigan ,Anka,3,,,,1.87,16.68982642,32.93,293.9015958,,,,,,,,,,,,,,,,,,,,,,,,,
Michigan ,Anka,4,,,,2.57,22.93735503,43.56,388.7747802,,,,,,,,,,,,,,,,,,,,,,,,,
Michigan ,Anka,1,,,,5.91,52.74699153,33.58,299.7028724,,,,,,,,,,,,,,,,,,,,,,,,,
Michigan ,Anka,2,,,,10.59,94.5161828,16.3,145.4781662,,,,,,,,,,,,,,,,,,,,,,,,,
Michigan ,Anka,3,,,,33.77,301.3986301,35.43,316.214198,,,,,,,,,,,,,,,,,,,,,,,,,
Michigan ,Anka,4,,,,6.06,54.08574766,63.18,563.8840821,,,,,,,,,,,,,,,,,,,,,,,,,
Michigan ,Anka,5,,,,72.56,647.6009654,196.4,1752.878027,,,,,,,,,,,,,,,,,,,,,,,,,
Michigan ,Anka,5,,,,97.28,868.2279757,123.6,1103.135051,,,,,,,,,,,,,,,,,,,,,,,,,
Michigan ,Anka,6,,,,165.68,1478.700771,119.6,1067.434888,,,,,,,,,,,,,,,,,,,,,,,,,
Michigan ,Anka,6,,,,189.48,1691.116744,111.2,992.4645446,,,,,,,,,,,,,,,,,,,,,,,,,
Michigan ,CFX-1,1,,,,7.18,64.08179343,5.5,49.08772478,,,,,,,,,,,,,,,,,,,,,,,,,
Michigan ,CFX-1,2,,,,80.87,721.768055,21.92,195.6368958,,,,,,,,,,,,,,,,,,,,,,,,,
Michigan ,CFX-1,3,,,,30.87,275.5160116,21.07,188.0506111,,,,,,,,,,,,,,,,,,,,,,,,,
Michigan ,CFX-1,4,,,,36.29,323.8897331,13.32,118.8815444,,,,,,,,,,,,,,,,,,,,,,,,,
Michigan ,CFX-1,1,,,,18.09,161.4539893,8.62,76.93385228,,,,,,,,,,,,,,,,,,,,,,,,,
Michigan ,CFX-1,2,,,,20.86,186.1763525,13.59,121.2913054,,,,,,,,,,,,,,,,,,,,,,,,,
Michigan ,CFX-1,3,,,,20.09,179.304071,11.86,105.8509847,,,,,,,,,,,,,,,,,,,,,,,,,
Michigan ,CFX-1,4,,,,172.2,1536.892038,6.911,61.68095744,,,,,,,,,,,,,,,,,,,,,,,,,
Michigan ,CFX-1,5,,,,172.49,1539.480299,40.4,360.5716511,,,,,,,,,,,,,,,,,,,,,,,,,
Michigan ,CFX-1,5,,,,109.3,975.5069669,27.6,246.331128,,,,,,,,,,,,,,,,,,,,,,,,,
Michigan ,CFX-1,5,,,,91.15,813.5174751,28.9,257.9336811,,,,,,,,,,,,,,,,,,,,,,,,,
Michigan ,CFX-1,5,,,,3.6,32.13014713,20.6,183.8558419,,,,,,,,,,,,,,,,,,,,,,,,,
Michigan ,CFX-2,1,,,,8.02,71.57882776,17.66,157.6162217,,,,,,,,,,,,,,,,,,,,,,,,,
Michigan ,CFX-2,1,,,,50.67,452.2318208,9.34,83.35988171,,,,,,,,,,,,,,,,,,,,,,,,,
Michigan ,CFX-2,5,,,,39.37,351.378859,4.1,36.59266756,,,,,,,,,,,,,,,,,,,,,,,,,
Michigan ,CFX-2,5,,,,14.72,131.3766016,12,107.1004904,,,,,,,,,,,,,,,,,,,,,,,,,
Michigan ,CFX-2,6,,,,7.88,70.32932204,21,187.4258582,,,,,,,,,,,,,,,,,,,,,,,,,
Michigan ,CFX-2,6,,,,46.94,418.9414184,24.7,220.4485094,,,,,,,,,,,,,,,,,,,,,,,,,
Michigan ,CFX-2,2,,,,69.82,623.1463534,26.68,238.1200904,,,,,,,,,,,,,,,,,,,,,,,,,
Michigan ,CFX-2,2,,,,46.02,410.7303808,17.84,159.2227291,,,,,,,,,,,,,,,,,,,,,,,,,
Michigan ,CFX-2,3,,,,7.25,64.7065463,9.06,80.86087027,,,,,,,,,,,,,,,,,,,,,,,,,
Michigan ,CFX-2,3,,,,151.58,1352.857695,14.4,128.5205885,,,,,,,,,,,,,,,,,,,,,,,,,
Michigan ,CFX-2,4,,,,96.97,865.461213,22.19,198.0466569,,,,,,,,,,,,,,,,,,,,,,,,,
Michigan ,CFX-2,4,,,,9.66,86.21589479,17.87,159.4904803,,,,,,,,,,,,,,,,,,,,,,,,,
Michigan ,CRS-1,1,,,,7.14,63.7247918,15.9,141.9081498,,,,,,,,,,,,,,,,,,,,,,,,,
Michigan ,CRS-1,2,,,,16.18,144.4071612,40.54,361.8211568,,,,,,,,,,,,,,,,,,,,,,,,,
Michigan ,CRS-1,3,,,,7.34,65.50979997,19.41,173.2350433,,,,,,,,,,,,,,,,,,,,,,,,,
Michigan ,CRS-1,4,,,,25.33,226.0712852,95.35,851.0026468,,,,,,,,,,,,,,,,,,,,,,,,,
Michigan ,CRS-1,1,,,,18.2,162.4357438,11.21,100.0497081,,,,,,,,,,,,,,,,,,,,,,,,,
Michigan ,CRS-1,2,,,,54.23,484.0049663,12.63,112.7232662,,,,,,,,,,,,,,,,,,,,,,,,,
Michigan ,CRS-1,3,,,,24.76,220.9840119,32.94,293.9908462,,,,,,,,,,,,,,,,,,,,,,,,,
Michigan ,CRS-1,4,,,,130.09,1161.058567,140.32,1252.361735,,,,,,,,,,,,,,,,,,,,,,,,,
Michigan ,CRS-1,5,,,,166.05,1482.003036,45.9,409.6593759,,,,,,,,,,,,,,,,,,,,,,,,,
Michigan ,CRS-1,5,,,,71.61,639.1221766,33.3,297.2038609,,,,,,,,,,,,,,,,,,,,,,,,,
Michigan ,Fedora 17,1,,,,87.25,778.7098158,88.52,790.0446177,,,,,,,,,,,,,,,,,,,,,,,,,
Michigan ,Fedora 17,2,,,,4.21,37.57442206,22.99,205.1866896,,,,,,,,,,,,,,,,,,,,,,,,,
Michigan ,Fedora 17,3,,,,5.12,45.69620925,30.63,273.3740018,,,,,,,,,,,,,,,,,,,,,,,,,
Michigan ,Fedora 17,4,,,,6.96,62.11828444,26.36,235.2640773,,,,,,,,,,,,,,,,,,,,,,,,,
Michigan ,Fedora 17,1,,,,9.52,84.96638907,52.65,469.9034017,,,,,,,,,,,,,,,,,,,,,,,,,
Michigan ,Fedora 17,2,,,,11.85,105.7617343,29.5,263.2887056,,,,,,,,,,,,,,,,,,,,,,,,,
Michigan ,Fedora 17,3,,,,15.44,137.802631,33.46,298.6318675,,,,,,,,,,,,,,,,,,,,,,,,,
Michigan ,Fedora 17,4,,,,134.66,1201.846003,20.03,178.7685686,,,,,,,,,,,,,,,,,,,,,,,,,
Michigan ,Fedora 17,5,,,,206.46,1842.663938,217.9,1944.766405,,,,,,,,,,,,,,,,,,,,,,,,,
Michigan ,Fedora 17,5,,,,280.75,2505.705224,252.3,2251.787811,,,,,,,,,,,,,,,,,,,,,,,,,
Michigan ,Fedora 17,6,,,,158.02,1410.334958,184.2,1643.992528,,,,,,,,,,,,,,,,,,,,,,,,,
Michigan ,Fedora 17,6,,,,36.83,328.7092552,114.5,1021.917179,,,,,,,,,,,,,,,,,,,,,,,,,
Michigan ,Felina 32,1,,,,68.13,608.0630344,87.59,781.7443297,,,,,,,,,,,,,,,,,,,,,,,,,
Michigan ,Felina 32,2,,,,44.69,398.8600764,50.11,447.2337979,,,,,,,,,,,,,,,,,,,,,,,,,
Michigan ,Felina 32,3,,,,35.04,312.733432,129.43,1155.16804,,,,,,,,,,,,,,,,,,,,,,,,,
Michigan ,Felina 32,4,,,,52.12,465.1731301,59.23,528.6301706,,,,,,,,,,,,,,,,,,,,,,,,,
Michigan ,Felina 32,1,,,,35.77,319.2487119,107.23,957.0321323,,,,,,,,,,,,,,,,,,,,,,,,,
Michigan ,Felina 32,2,,,,17.38,155.1172103,44.23,394.7545576,,,,,,,,,,,,,,,,,,,,,,,,,
Michigan ,Felina 32,3,,,,179.54,1602.401837,49.92,445.5380401,,,,,,,,,,,,,,,,,,,,,,,,,
Michigan ,Felina 32,4,,,,219.19,1956.279708,36.61,326.7457462,,,,,,,,,,,,,,,,,,,,,,,,,
Michigan ,Felina 32,5,,,,124.8,1113.8451,290.6,2593.616876,,,,,,,,,,,,,,,,,,,,,,,,,
Michigan ,Felina 32,5,,,,139.29,1243.168943,237.1,2116.12719,,,,,,,,,,,,,,,,,,,,,,,,,
Michigan ,Felina 32,6,,,,22.8,203.4909318,115.9,1034.412237,,,,,,,,,,,,,,,,,,,,,,,,,
Michigan ,Felina 32,6,,,,14.5,129.4130926,149.9,1337.863626,,,,,,,,,,,,,,,,,,,,,,,,,
Michigan ,Fermion,1,,,,32.4,289.1713241,42.42,378.6002336,,,,,,,,,,,,,,,,,,,,,,,,,
Michigan ,Fermion,2,,,,29.88,266.6802211,39.58,353.2531176,,,,,,,,,,,,,,,,,,,,,,,,,
Michigan ,Fermion,3,,,,21.95,195.9046471,68.73,613.4180589,,,,,,,,,,,,,,,,,,,,,,,,,
Michigan ,Fermion,4,,,,8.02,71.57882776,26.21,233.9253212,,,,,,,,,,,,,,,,,,,,,,,,,
Michigan ,Fermion,1,,,,16.75,149.4944345,27.93,249.2763915,,,,,,,,,,,,,,,,,,,,,,,,,
Michigan ,Fermion,2,,,,33.36,297.7393634,43.37,387.0790225,,,,,,,,,,,,,,,,,,,,,,,,,
Michigan ,Fermion,3,,,,208.94,1864.798039,40.38,360.3931503,,,,,,,,,,,,,,,,,,,,,,,,,
Michigan ,Fermion,4,,,,200.11,1785.989928,21.14,188.675364,,,,,,,,,,,,,,,,,,,,,,,,,
Michigan ,Fermion,5,,,,168.89,1507.350152,125,1115.630109,,,,,,,,,,,,,,,,,,,,,,,,,
Michigan ,Fermion,5,,,,200.99,1793.843964,105.2,938.9142993,,,,,,,,,,,,,,,,,,,,,,,,,
Michigan ,Fermion,6,,,,20.8,185.6408501,116.7,1041.552269,,,,,,,,,,,,,,,,,,,,,,,,,
Michigan ,Fermion,6,,,,31.31,279.4430296,112.2,1001.389585,,,,,,,,,,,,,,,,,,,,,,,,,
Michigan ,Futura 75,1,,,,4.76,42.48319453,30.99,276.5870165,,,,,,,,,,,,,,,,,,,,,,,,,
Michigan ,Futura 75,2,,,,6.09,54.35349889,17.95,160.2044836,,,,,,,,,,,,,,,,,,,,,,,,,
Michigan ,Futura 75,3,,,,15.67,139.8553904,63.76,569.0606058,,,,,,,,,,,,,,,,,,,,,,,,,
Michigan ,Futura 75,4,,,,13.86,123.7010664,55.49,495.2505178,,,,,,,,,,,,,,,,,,,,,,,,,
Michigan ,Futura 75,1,,,,21.3,190.1033705,17.9,159.7582315,,,,,,,,,,,,,,,,,,,,,,,,,
Michigan ,Futura 75,2,,,,8.55,76.30909942,14.07,125.575325,,,,,,,,,,,,,,,,,,,,,,,,,
Michigan ,Futura 75,3,,,,223.08,1990.998117,45.16,403.0548456,,,,,,,,,,,,,,,,,,,,,,,,,
Michigan ,Futura 75,5,,,,67.77,604.8500196,185,1651.132561,,,,,,,,,,,,,,,,,,,,,,,,,
Michigan ,Futura 75,5,,,,264.17,2357.728046,61,544.427493,,,,,,,,,,,,,,,,,,,,,,,,,
Michigan ,Futura 75,6,,,,218.63,1951.281685,264.5,2360.67331,,,,,,,,,,,,,,,,,,,,,,,,,
Michigan ,Futura 75,6,,,,90.92,811.4647157,264.8,2363.350822,,,,,,,,,,,,,,,,,,,,,,,,,
Michigan ,Grandi,1,,,,118.47,1057.349592,12.11,108.0822449,,,,,,,,,,,,,,,,,,,,,,,,,
Michigan ,Grandi,2,,,,116.05,1035.750993,16.21,144.6749125,,,,,,,,,,,,,,,,,,,,,,,,,
Michigan ,Grandi,3,,,,78.85,703.7394725,14.52,129.5915934,,,,,,,,,,,,,,,,,,,,,,,,,
Michigan ,Grandi,4,,,,37.94,338.6160505,11.51,102.7272204,,,,,,,,,,,,,,,,,,,,,,,,,
Michigan ,Grandi,1,,,,30.43,271.5889936,9.23,82.37812721,,,,,,,,,,,,,,,,,,,,,,,,,
Michigan ,Grandi,2,,,,10.78,96.21194056,9.23,82.37812721,,,,,,,,,,,,,,,,,,,,,,,,,
Michigan ,Grandi,3,,,,10.38,92.64192421,7.97,71.13257572,,,,,,,,,,,,,,,,,,,,,,,,,
Michigan ,Grandi,4,,,,5.55,49.53397682,9.66,86.21589479,,,,,,,,,,,,,,,,,,,,,,,,,
Michigan ,Grandi,5,,,,6.65,59.35152177,28.5,254.3636647,,,,,,,,,,,,,,,,,,,,,,,,,
Michigan ,Grandi,5,,,,34.44,307.3784075,27.4,244.5461198,,,,,,,,,,,,,,,,,,,,,,,,,
Michigan ,Grandi,6,,,,20.3,181.1783296,24.5,218.6635013,,,,,,,,,,,,,,,,,,,,,,,,,
Michigan ,Grandi,6,,,,1.34,11.95955476,21.3,190.1033705,,,,,,,,,,,,,,,,,,,,,,,,,
Michigan ,Hlesia,1,,,,2.57,22.93735503,31.8,283.8162996,,,,,,,,,,,,,,,,,,,,,,,,,
Michigan ,Hlesia,2,,,,3.15,28.11387874,16.56,147.7986768,,,,,,,,,,,,,,,,,,,,,,,,,
Michigan ,Hlesia,3,,,,0.73,6.515279834,125.33,1118.575372,,,,,,,,,,,,,,,,,,,,,,,,,
Michigan ,Hlesia,4,,,,35.32,315.2324435,13.46,120.1310501,,,,,,,,,,,,,,,,,,,,,,,,,
Michigan ,Hlesia,1,,,,27.45,244.9923718,16.86,150.476189,,,,,,,,,,,,,,,,,,,,,,,,,
Michigan ,Hlesia,2,,,,3.82,34.09365612,13.08,116.7395346,,,,,,,,,,,,,,,,,,,,,,,,,
Michigan ,Hlesia,3,,,,23.02,205.4544408,114.5,1021.917179,,,,,,,,,,,,,,,,,,,,,,,,,
Michigan ,Hlesia,4,,,,32.41,289.2605745,15.01,133.9648634,,,,,,,,,,,,,,,,,,,,,,,,,
Michigan ,Hlesia,5,,,,73.91,659.6497706,35,312.3764304,,,,,,,,,,,,,,,,,,,,,,,,,
Michigan ,Hlesia,5,,,,176.95,1579.285982,44.2,394.4868064,,,,,,,,,,,,,,,,,,,,,,,,,
Michigan ,Hlesia,6,,,,133.73,1193.545715,40.3,359.679147,,,,,,,,,,,,,,,,,,,,,,,,,
Michigan ,Hlesia,6,,,,3.42,30.52363977,116.1,1036.197245,,,,,,,,,,,,,,,,,,,,,,,,,
Michigan ,Hlesia,5,,,,2.28,20.34909318,115.2,1028.164708,,,,,,,,,,,,,,,,,,,,,,,,,
Michigan ,Hlesia,5,,,,1.03,9.192792094,196.7,1755.555539,,,,,,,,,,,,,,,,,,,,,,,,,
Michigan ,Hliana,1,,,,1.36,12.13805558,8.71,77.73710596,,,,,,,,,,,,,,,,,,,,,,,,,
Michigan ,Hliana,2,,,,0.23,2.0527594,16.3,145.4781662,,,,,,,,,,,,,,,,,,,,,,,,,
Michigan ,Hliana,3,,,,0.38,3.39151553,7.02,62.6537869,,,,,,,,,,,,,,,,,,,,,,,,,
Michigan ,Hliana,4,,,,14.03,125.2183234,55.5,495.3397682,,,,,,,,,,,,,,,,,,,,,,,,,
Michigan ,Hliana,1,,,,129.64,1157.042298,17.62,157.2592201,,,,,,,,,,,,,,,,,,,,,,,,,
Michigan ,Hliana,2,,,,54.93,490.2524949,13.59,121.2913054,,,,,,,,,,,,,,,,,,,,,,,,,
Michigan ,Hliana,3,,,,150.76,1345.539161,18.52,165.2917569,,,,,,,,,,,,,,,,,,,,,,,,,
Michigan ,Hliana,4,,,,124.49,1111.078338,78.68,702.2222155,,,,,,,,,,,,,,,,,,,,,,,,,
Michigan ,Hliana,5,,,,4.61,41.1444384,28.4,253.4711607,,,,,,,,,,,,,,,,,,,,,,,,,
Michigan ,Hliana,5,,,,1.72,15.35107029,135.1,1205.773021,,,,,,,,,,,,,,,,,,,,,,,,,
Michigan ,Hliana,6,,,,0.51,4.551770843,145.7,1300.378455,,,,,,,,,,,,,,,,,,,,,,,,,
Michigan ,Hliana,6,,,,0.36,3.213014713,84.1,750.595937,,,,,,,,,,,,,,,,,,,,,,,,,
Michigan ,Hlukhovskii 51,1,,,,0.14,1.249505722,35.82,319.6949639,,,,,,,,,,,,,,,,,,,,,,,,,
Michigan ,Hlukhovskii 51,2,,,,0.49,4.373270025,8.49,75.77359697,,,,,,,,,,,,,,,,,,,,,,,,,
Michigan ,Hlukhovskii 51,3,,,,5.87,52.3899899,19.16,171.003783,,,,,,,,,,,,,,,,,,,,,,,,,
Michigan ,Hlukhovskii 51,4,,,,3.24,28.91713241,33.29,297.1146105,,,,,,,,,,,,,,,,,,,,,,,,,
Michigan ,Hlukhovskii 51,1,,,,3.65,32.57639917,10.88,97.10444465,,,,,,,,,,,,,,,,,,,,,,,,,
Michigan ,Hlukhovskii 51,2,,,,45.42,405.3753562,29.42,262.5747023,,,,,,,,,,,,,,,,,,,,,,,,,
Michigan ,Hlukhovskii 51,3,,,,46.3,413.2293922,6.43,57.38801278,,,,,,,,,,,,,,,,,,,,,,,,,
Michigan ,Hlukhovskii 51,4,,,,22.65,202.1521757,35.2,314.1614386,,,,,,,,,,,,,,,,,,,,,,,,,
Michigan ,Hlukhovskii 51,5,,,,13.4,119.5955476,60.6,540.8574766,,,,,,,,,,,,,,,,,,,,,,,,,
Michigan ,Hlukhovskii 51,5,,,,53.4,476.5971824,10.9,97.28294546,,,,,,,,,,,,,,,,,,,,,,,,,
Michigan ,Katani,5,,,,16.61,148.2449288,34.5,307.91391,,,,,,,,,,,,,,,,,,,,,,,,,
Michigan ,Katani,5,,,,14.8,132.0906049,,0,,,,,,,,,,,,,,,,,,,,,,,,,
Michigan ,Katani,1,,,,18.65,166.4520122,11.19,99.87120732,,,,,,,,,,,,,,,,,,,,,,,,,
Michigan ,Katani,2,,,,36.86,328.9770064,12.43,110.938258,,,,,,,,,,,,,,,,,,,,,,,,,
Michigan ,Katani,3,,,,205.94,1838.022916,6.99,62.38603567,,,,,,,,,,,,,,,,,,,,,,,,,
Michigan ,Katani,4,,,,189.94,1695.222263,10.07,89.87516154,,,,,,,,,,,,,,,,,,,,,,,,,
Michigan ,Katani,1,,,,4.71,42.03694249,14.98,133.6971122,,,,,,,,,,,,,,,,,,,,,,,,,
Michigan ,Katani,2,,,,6.54,58.36976728,21.76,194.2088893,,,,,,,,,,,,,,,,,,,,,,,,,
Michigan ,Katani,3,,,,59.38,529.9689268,8.07,72.02507981,,,,,,,,,,,,,,,,,,,,,,,,,
Michigan ,Katani,4,,,,45.3,404.3043513,14.08,125.6645754,,,,,,,,,,,,,,,,,,,,,,,,,
Michigan ,Picolo,1,,,,66.08,589.7667006,9.82,87.64390133,,,,,,,,,,,,,,,,,,,,,,,,,
Michigan ,Picolo,2,,,,10.63,94.87318443,29.1,259.7186893,,,,,,,,,,,,,,,,,,,,,,,,,
Michigan ,Picolo,3,,,,2.73,24.36536157,21.83,194.8336422,,,,,,,,,,,,,,,,,,,,,,,,,
Michigan ,Picolo,4,,,,10.51,93.80217953,4.67,41.67994086,,,,,,,,,,,,,,,,,,,,,,,,,
Michigan ,Picolo,1,,,,75.56,674.376088,7.57,67.56255937,,,,,,,,,,,,,,,,,,,,,,,,,
Michigan ,Picolo,2,,,,188.71,1684.244462,24.05,214.6472329,,,,,,,,,,,,,,,,,,,,,,,,,
Michigan ,Picolo,3,,,,144.03,1285.473636,22.19,198.0466569,,,,,,,,,,,,,,,,,,,,,,,,,
Michigan ,Picolo,4,,,,120.74,1077.609434,3.38,30.16663813,,,,,,,,,,,,,,,,,,,,,,,,,
Michigan ,Picolo,5,,,,29.64,264.5382113,21.8,194.5658909,,,,,,,,,,,,,,,,,,,,,,,,,
Michigan ,Picolo,5,,,,39.5,352.5391143,17.5,156.1882152,,,,,,,,,,,,,,,,,,,,,,,,,
Michigan ,Picolo,6,,,,6.1,54.4427493,20.4,182.0708337,,,,,,,,,,,,,,,,,,,,,,,,,
Michigan ,Picolo,6,,,,6.49,57.92351524,20.9,186.5333541,,,,,,,,,,,,,,,,,,,,,,,,,
Michigan ,USO 31,1,,,,74.05,660.8992763,35.92,320.587468,,,,,,,,,,,,,,,,,,,,,,,,,
Michigan ,USO 31,2,,,,19.48,173.8597961,50.5,450.7145639,,,,,,,,,,,,,,,,,,,,,,,,,
Michigan ,USO 31,3,,,,1.17,10.44229782,41.58,371.1031993,,,,,,,,,,,,,,,,,,,,,,,,,
Michigan ,USO 31,4,,,,3.15,28.11387874,5.05,45.07145639,,,,,,,,,,,,,,,,,,,,,,,,,
Michigan ,USO 31,1,,,,188.76,1684.690714,40.94,365.3911731,,,,,,,,,,,,,,,,,,,,,,,,,
Michigan ,USO 31,2,,,,102.48,914.6381882,39.12,349.1475988,,,,,,,,,,,,,,,,,,,,,,,,,
Michigan ,USO 31,3,,,,170.58,1522.433471,38.27,341.561314,,,,,,,,,,,,,,,,,,,,,,,,,
Michigan ,USO 31,4,,,,128.69,1148.563509,24.2,215.985989,,,,,,,,,,,,,,,,,,,,,,,,,
Michigan ,USO 31,5,,,,22.84,203.8479334,223.8,1997.424146,,,,,,,,,,,,,,,,,,,,,,,,,
Michigan ,USO 31,5,,,,5,44.62520434,118.6,1058.509847,,,,,,,,,,,,,,,,,,,,,,,,,
Michigan ,USO 31,6,,,,26.25,234.2823228,172.6,1540.462054,,,,,,,,,,,,,,,,,,,,,,,,,
Michigan ,USO 31,6,,,,9.61,85.76964274,171.6,1531.537013,,,,,,,,,,,,,,,,,,,,,,,,,
Michigan ,X-59,1,,,,2.28,20.34909318,5.43,48.46297192,,,,,,,,,,,,,,,,,,,,,,,,,
Michigan ,X-59,2,,,,5.22,46.58871333,12.02,107.2789912,,,,,,,,,,,,,,,,,,,,,,,,,
Michigan ,X-59,3,,,,7.01,62.56453649,5.44,48.55222232,,,,,,,,,,,,,,,,,,,,,,,,,
Michigan ,X-59,4,,,,3.61,32.21939753,3.63,32.39789835,,,,,,,,,,,,,,,,,,,,,,,,,
Michigan ,X-59,1,,,,77.47,691.4229161,2.9,25.88261852,,,,,,,,,,,,,,,,,,,,,,,,,
Michigan ,X-59,2,,,,29.89,266.7694716,4.23,37.75292287,,,,,,,,,,,,,,,,,,,,,,,,,
Michigan ,X-59,3,,,,13.46,120.1310501,5.02,44.80370516,,,,,,,,,,,,,,,,,,,,,,,,,
Michigan ,X-59,4,,,,,,3.79,33.82590489,,,,,,,,,,,,,,,,,,,,,,,,,
Michigan ,X-59,5,,,,,,12.6,112.4555149,,,,,,,,,,,,,,,,,,,,,,,,,
Michigan ,X-59,5,,,,,,13.1,116.9180354,,,,,,,,,,,,,,,,,,,,,,,,,
Wisconsin_Arlington,Anka,1,1,503,,78.85,703.7394725,59,526.5774112,13.67,,11.67,,83.33,,5.07,,,,0.94,,,,,,,,,,,,,,
Wisconsin_Arlington,Anka,2,1,106,,176.59,1576.072967,264,2356.210789,22,,19.33,,157,,6.92,,,,0.32,,,,,,,,,,,,,,
Wisconsin_Arlington,Anka,3,1,407,,179.63,1603.205091,374,3337.965285,27.67,,17.67,,192.33,,6.8,,,,1.94,,,,,,,,,,,,,,
Wisconsin_Arlington,Anka,4,1,311,,210.75,1880.952363,297,2650.737138,15.67,,15.67,,155.67,,6.02,,,,2.13,,,,,,,,,,,,,,
Wisconsin_Arlington,CFX-1,1,2,101,,31.27,279.086028,23,205.27594,13.67,,12.33,,75.67,,5.23,,,,0.76,,,,,,,,,,,,,,
Wisconsin_Arlington,CFX-1,2,2,405,,82.16,733.2813577,45,401.6268391,37.67,,15,,96.33,,4.87,,,,1.5,,,,,,,,,,,,,,
Wisconsin_Arlington,CFX-1,3,2,208,,171.45,1530.198257,140,1249.505722,21.67,,17,,100.33,,6.25,,,,0.24,,,,,,,,,,,,,,
Wisconsin_Arlington,CFX-1,4,2,310,,66.59,594.3184714,50,446.2520434,5.67,,12.67,,98,,5.43,,,,0.81,,,,,,,,,,,,,,
Wisconsin_Arlington,CFX-2,1,3,403,,106.66,951.944859,29,258.8261852,17.33,,6,,84.33,,4.7,,,,0.64,,,,,,,,,,,,,,
Wisconsin_Arlington,CFX-2,2,3,104,,104.45,932.2205187,70,624.7528608,5.67,,14.67,,105,,5.57,,,,0.42,,,,,,,,,,,,,,
Wisconsin_Arlington,CFX-2,3,3,508,,75.35,672.5018294,49,437.3270025,26.33,,12.33,,113.67,,5.27,,,,0.42,,,,,,,,,,,,,,
Wisconsin_Arlington,CFX-2,4,3,212,,27.13,242.1363588,16,142.8006539,18,,19.33,,69,,3.73,,,,0.29,,,,,,,,,,,,,,
Wisconsin_Arlington,CRS-1,1,4,501,,66.63,594.6754731,26,232.0510626,14,,13,,72.67,,3.56,,,,0.77,,,,,,,,,,,,,,
Wisconsin_Arlington,CRS-1,2,4,306,,192.8,1720.747879,140,1249.505722,21,,18.33,,109.33,,6.55,,,,0.41,,,,,,,,,,,,,,
Wisconsin_Arlington,CRS-1,3,4,408,,124.82,1114.023601,98,874.6540051,20,,25.33,,114.67,,7.27,,,,0.69,,,,,,,,,,,,,,
Wisconsin_Arlington,CRS-1,4,4,511,,97.5,870.1914847,107,954.9793729,9.33,,17.33,,131.33,,5.74,,,,1.36,,,,,,,,,,,,,,
Wisconsin_Arlington,Fedora 17,1,5,302,,176.51,1575.358964,147,1311.981008,8.67,,14,,104,,7.23,,,,0.91,,,,,,,,,,,,,,
Wisconsin_Arlington,Fedora 17,2,5,105,,224.29,2001.797416,443,3953.793105,38.33,,22.33,,160.33,,7.48,,,,2.19,,,,,,,,,,,,,,
Wisconsin_Arlington,Fedora 17,3,5,209,,162.92,1454.067658,259,2311.585585,29.33,,19.33,,154,,7.89,,,,1.64,,,,,,,,,,,,,,
Wisconsin_Arlington,Fedora 17,4,5,110,,155.4,1386.951351,221,1972.434032,19,,23.33,,136.67,,5.83,,,,1.5,,,,,,,,,,,,,,
Wisconsin_Arlington,Felina 32,1,6,401,,115.78,1033.341232,104,928.2042503,22.67,,13.67,,101,,4.78,,,,0.78,,,,,,,,,,,,,,
Wisconsin_Arlington,Felina 32,2,6,406,,138.14,1232.905146,239,2133.084768,19,,20.33,,162,,6.19,,,,1.44,,,,,,,,,,,,,,
Wisconsin_Arlington,Felina 32,3,6,507,,169.52,1512.972928,309,2757.837628,32,,19.67,,169.67,,6.96,,,,0.34,,,,,,,,,,,,,,
Wisconsin_Arlington,Felina 32,4,6,312,,192.19,1715.303604,304,2713.212424,24.33,,22,,146,,6.27,,,,0.74,,,,,,,,,,,,,,
Wisconsin_Arlington,Futura 75,1,7,303,,147.53,1316.711279,250,2231.260217,9.67,,15.67,,159.67,,6.67,,,,1.61,,,,,,,,,,,,,,
Wisconsin_Arlington,Futura 75,2,7,205,,189,1686.832724,325,2900.638282,20,,15.67,,180,,10.24,,,,0.88,,,,,,,,,,,,,,
Wisconsin_Arlington,Futura 75,3,7,207,,140.48,1253.789741,308,2748.912587,19.67,,15,,203.33,,8.77,,,,1.25,,,,,,,,,,,,,,
Wisconsin_Arlington,Futura 75,4,7,510,,221.22,1974.397541,428,3819.917492,18.33,,15.33,,192.33,,8.01,,,,1.56,,,,,,,,,,,,,,
Wisconsin_Arlington,Grandi,1,8,103,,13.36,119.238546,11,98.17544955,16,,13,,75,,3.58,,,,0.95,,,,,,,,,,,,,,
Wisconsin_Arlington,Grandi,2,8,206,,70.53,629.4831324,76,678.303106,26,,17.33,,88,,4.71,,,,0.49,,,,,,,,,,,,,,
Wisconsin_Arlington,Grandi,3,8,107,,79.28,707.57724,64,571.2026156,35,,18,,75.67,,5.31,,,,1,,,,,,,,,,,,,,
Wisconsin_Arlington,Grandi,4,8,112,,11.54,102.9949716,7,62.47528608,6.33,,6.33,,73.33,,5.47,,,,0.9,,,,,,,,,,,,,,
Wisconsin_Arlington,Hlesia,1,9,202,,101.32,904.2851408,106,946.054332,3.67,,18.67,,99,,6.09,,,,1,,,,,,,,,,,,,,
Wisconsin_Arlington,Hlesia,2,9,404,,55.96,499.445287,92,821.1037599,14.67,,20.67,,109.33,,5.56,,,,1.7,,,,,,,,,,,,,,
Wisconsin_Arlington,Hlesia,3,9,109,,101.79,908.47991,237,2115.234686,25.67,,19,,118.67,,5.06,,,,2.8,,,,,,,,,,,,,,
Wisconsin_Arlington,Hlesia,4,9,211,,151.17,1349.198428,217,1936.733868,6.67,,13.33,,112.33,,7.14,,,,0.9,,,,,,,,,,,,,,
Wisconsin_Arlington,Hliana,1,10,203,,111.84,998.1765707,242,2159.85989,20.67,,25,,131.67,,8.06,,,,1.88,,,,,,,,,,,,,,
Wisconsin_Arlington,Hliana,2,10,504,,78.78,703.1147196,110,981.7544955,15.67,,13.67,,83.67,,5.79,,,,1.28,,,,,,,,,,,,,,
Wisconsin_Arlington,Hliana,3,10,307,,125.18,1117.236616,320,2856.013078,24,,16,,98.67,,8.12,,,,1.18,,,,,,,,,,,,,,
Wisconsin_Arlington,Hliana,4,10,210,,86.68,773.6225425,236,2106.309645,7.33,,14.67,,134.33,,7.97,,,,1.44,,,,,,,,,,,,,,
Wisconsin_Arlington,Hlukhovskii 51,1,11,301,,47.58,424.6534445,70,624.7528608,15,,10.33,,76,,4.52,,,,2.1,,,,,,,,,,,,,,
Wisconsin_Arlington,Hlukhovskii 51,2,11,204,,51.74,461.7816145,139,1240.580681,9.33,,18.33,,119.67,,6.83,,,,2.06,,,,,,,,,,,,,,
Wisconsin_Arlington,Hlukhovskii 51,3,11,309,,90.25,805.4849384,223,1990.284114,7.67,,12.33,,134.33,,5.18,,,,1.85,,,,,,,,,,,,,,
Wisconsin_Arlington,Hlukhovskii 51,4,11,411,,97.72,872.1549937,309,2757.837628,22.33,,17,,142,,6.9,,,,0.96,,,,,,,,,,,,,,
Wisconsin_Arlington,Katani,1,12,502,,43.68,389.8457851,22,196.3508991,21,,8.33,,64,,3.73,,,,0.47,,,,,,,,,,,,,,
Wisconsin_Arlington,Katani,2,12,304,,59.91,534.6991984,23,205.27594,16.67,,17,,61.33,,3,,,,0.82,,,,,,,,,,,,,,
Wisconsin_Arlington,Katani,3,12,509,,126.68,1130.624177,106,946.054332,34,,8.33,,101.67,,5.01,,,,0.92,,,,,,,,,,,,,,
Wisconsin_Arlington,Katani,4,12,111,,23.33,208.2212035,16,142.8006539,22.67,,13,,81,,5.05,,,,0.86,,,,,,,,,,,,,,
Wisconsin_Arlington,Picolo,1,13,102,,3.43,30.61289018,4,35.70016347,9.67,,10.67,,75.67,,4.18,,,,0.6,,,,,,,,,,,,,,
Wisconsin_Arlington,Picolo,2,13,305,,67.28,600.4767496,26,232.0510626,26.33,,11.67,,94,,4.81,,,,0.84,,,,,,,,,,,,,,
Wisconsin_Arlington,Picolo,3,13,308,,101.99,910.2649182,57,508.7273295,20.67,,13.67,,86.67,,4.27,,,,0.95,,,,,,,,,,,,,,
Wisconsin_Arlington,Picolo,4,13,512,,57.37,512.0295946,34,303.4513895,5,,6.67,,114.67,,5.57,,,,0.82,,,,,,,,,,,,,,
Wisconsin_Arlington,USO 31,1,14,402,,106.63,951.6771078,108,963.9044138,7,,8,,102.33,,5.76,,,,2,,,,,,,,,,,,,,
Wisconsin_Arlington,USO 31,2,14,506,,110.14,983.0040012,240,2142.009808,26,,17,,134.33,,6.75,,,,0.59,,,,,,,,,,,,,,
Wisconsin_Arlington,USO 31,3,14,108,,156.09,1393.109629,309,2757.837628,25,,22.33,,124.67,,5.28,,,,2.05,,,,,,,,,,,,,,
Wisconsin_Arlington,USO 31,4,14,412,,111.9,998.7120732,245,2186.635013,19.67,,20.67,,151,,5.8,,,,0.63,,,,,,,,,,,,,,
Wisconsin_Arlington,X-59,1,15,201,,45.9,409.6593759,16,142.8006539,7,,8.33,,55.33,,4.46,,,,0.92,,,,,,,,,,,,,,
Wisconsin_Arlington,X-59,2,15,505,,136.18,1215.412065,64,571.2026156,18.33,,13,,88.33,,5.76,,,,1.05,,,,,,,,,,,,,,
Wisconsin_Arlington,X-59,3,15,409,,120.07,1071.629657,56,499.8022886,21.33,,16.33,,127.67,,6.73,,,,0.88,,,,,,,,,,,,,,
Wisconsin_Arlington,X-59,4,15,410,,104.64,933.9162765,48,428.4019617,7.67,,15.67,,113.67,,6.39,,,,1.04,,,,,,,,,,,,,,
Wisconsin_ChippewaFalls,Anka,1,1,207,,35.53,317.1067021,218.7,1951.906438,,,6.666666667,,132.6666667,,7.13375,,,,0.428571429,,,,,,,,,,,,,,
Wisconsin_ChippewaFalls,Anka,2,1,404,,44.74,399.3063284,183.7,1639.530008,,,10.33333333,,125.6666667,,5.62875,,,,0.722222222,,,,,,,,,,,,,,
Wisconsin_ChippewaFalls,Anka,3,1,508,,45.68,407.6958669,35.7,318.623959,,,11.33333333,,74.33333333,,2.915,,,,0.47826087,,,,,,,,,,,,,,
Wisconsin_ChippewaFalls,Anka,4,1,706,,39.85,355.6628786,170.7,1523.504476,,,11.66666667,,139.6666667,,5.15,,,,0.842105263,,,,,,,,,,,,,,
Wisconsin_ChippewaFalls,CFX-1,1,2,101,,31.22,278.6397759,30.7,273.9987547,,,8.333333333,,93,,5.52125,,,,0.666666667,,,,,,,,,,,,,,
Wisconsin_ChippewaFalls,CFX-1,2,2,402,,38.97,347.8088426,65.7,586.375185,,,8.333333333,,112.3333333,,4.11125,,,,0.666666667,,,,,,,,,,,,,,
Wisconsin_ChippewaFalls,CFX-1,3,2,405,,52.96,472.6701644,71.7,639.9254303,,,8.666666667,,94.66666667,,4.96375,,,,0.529411765,,,,,,,,,,,,,,
Wisconsin_ChippewaFalls,CFX-1,4,2,704,,51.57,460.2643576,76.7,684.5506346,,,10,,107,,5.2975,,,,0.666666667,,,,,,,,,,,,,,
Wisconsin_ChippewaFalls,CFX-2,1,3,204,,16.9,150.8331907,53.7,479.2746946,,,4.666666667,,113,,4.675,,,,1.8,,,,,,,,,,,,,,
Wisconsin_ChippewaFalls,CFX-2,2,3,305,,39.9,356.1091306,83.7,747.0259207,,,11,,98.66666667,,4.52125,,,,0.941176471,,,,,,,,,,,,,,
Wisconsin_ChippewaFalls,CFX-2,3,3,506,,34.22,305.4148985,55.7,497.1247764,,,12.33333333,,99.33333333,,3.355,,,,0.541666667,,,,,,,,,,,,,,
Wisconsin_ChippewaFalls,CFX-2,4,3,803,,48.49,432.7752317,71.7,639.9254303,,,6.666666667,,118.3333333,,5.13875,,,,0.818181818,,,,,,,,,,,,,,
Wisconsin_ChippewaFalls,CRS-1,1,4,205,,38.04,339.5085546,99.7,889.8265746,,,10,,114.6666667,,5.1875,,,,1.142857143,,,,,,,,,,,,,,
Wisconsin_ChippewaFalls,CRS-1,2,4,303,,65.51,584.6794273,151.7,1353.9287,,,7.666666667,,115.6666667,,5.0175,,,,0.352941176,,,,,,,,,,,,,,
Wisconsin_ChippewaFalls,CRS-1,3,4,605,,77.4,690.7981632,119.7,1068.327392,,,11.66666667,,112,,5.685,,,,1.058823529,,,,,,,,,,,,,,
Wisconsin_ChippewaFalls,CRS-1,4,4,804,,84.41,753.3626997,182.7,1630.604967,,,12,,114.6666667,,5.8275,,,,0.384615385,,,,,,,,,,,,,,
Wisconsin_ChippewaFalls,Fedora 17,1,5,108,,2.8,24.99011443,12.7,113.348019,,,10.66666667,,142.3333333,,3.68375,,,,0.333333333,,,,,,,,,,,,,,
Wisconsin_ChippewaFalls,Fedora 17,2,5,403,,66.17,590.5699543,347.7,3103.23671,,,12.66666667,,131,,5.02125,,,,0.117647059,,,,,,,,,,,,,,
Wisconsin_ChippewaFalls,Fedora 17,3,5,504,,71.8,640.8179343,417.7,3727.989571,,,10.66666667,,137.3333333,,4.1025,,,,0.777777778,,,,,,,,,,,,,,
Wisconsin_ChippewaFalls,Fedora 17,4,5,703,,40.69,363.1599129,291.7,2603.434421,,,13.33333333,,121.6666667,,6.2225,,,,0.818181818,,,,,,,,,,,,,,
Wisconsin_ChippewaFalls,Felina 32,1,6,202,,24.21,216.0752394,269.7,2407.083522,,,10,,158.6666667,,5.35375,,,,0.875,,,,,,,,,,,,,,
Wisconsin_ChippewaFalls,Felina 32,2,6,301,,72.86,650.2784777,430.7,3844.015102,,,14.33333333,,136.3333333,,5.5525,,,,0.592592593,,,,,,,,,,,,,,
Wisconsin_ChippewaFalls,Felina 32,3,6,502,,79.77,711.9505101,451.7,4031.44096,,,13.66666667,,124.3333333,,4.81125,,,,0.171428571,,,,,,,,,,,,,,
Wisconsin_ChippewaFalls,Felina 32,4,6,805,,81.08,723.6423136,403.7,3603.038999,,,23.33333333,,130,,5.93875,,,,0.458333333,,,,,,,,,,,,,,
Wisconsin_ChippewaFalls,Futura 75,1,7,201,,51.56,460.1751072,204.7,1826.955866,,,4.333333333,,156.3333333,,5.82625,,,,0,,,,,,,,,,,,,,
Wisconsin_ChippewaFalls,Futura 75,2,7,307,,65.93,588.4279444,349.7,3121.086792,,,9.333333333,,160.6666667,,7.355,,,,0.75,,,,,,,,,,,,,,
Wisconsin_ChippewaFalls,Futura 75,3,7,505,,90.86,810.9292133,376.7,3362.062895,,,8.333333333,,161.6666667,,6.2625,,,,1.5,,,,,,,,,,,,,,
Wisconsin_ChippewaFalls,Futura 75,4,7,607,,84.44,753.6304509,344.7,3076.461587,,,9.333333333,,150,,6.8175,,,,0.12,,,,,,,,,,,,,,
Wisconsin_ChippewaFalls,Grandi,1,8,103,,2.35,20.97384604,5.7,50.87273295,,,7.333333333,,95.66666667,,3.87125,,,,0.466666667,,,,,,,,,,,,,,
Wisconsin_ChippewaFalls,Grandi,2,8,304,,40.91,365.1234219,77.7,693.4756755,,,7,,91.33333333,,3.745,,,,0.4,,,,,,,,,,,,,,
Wisconsin_ChippewaFalls,Grandi,3,8,602,,56.16,501.2302952,52.7,470.3496538,,,9,,94.66666667,,4.2375,,,,0.421052632,,,,,,,,,,,,,,
Wisconsin_ChippewaFalls,Grandi,4,8,608,,59.03,526.8451625,290.7,2594.50938,,,13.66666667,,120.6666667,,5.93125,,,,1.157894737,,,,,,,,,,,,,,
Wisconsin_ChippewaFalls,Hlesia,1,9,105,,21.88,195.2798942,138.7,1237.903168,,,4.333333333,,135,,7.0175,,,,1.166666667,,,,,,,,,,,,,,
Wisconsin_ChippewaFalls,Hlesia,2,9,401,,49.5,441.789523,233.7,2085.782051,,,8.333333333,,112.3333333,,5.43125,,,,0.5625,,,,,,,,,,,,,,
Wisconsin_ChippewaFalls,Hlesia,3,9,408,,64.45,575.218884,330.7,2951.511015,,,11,,110,,5.72125,,,,1.2,,,,,,,,,,,,,,
Wisconsin_ChippewaFalls,Hlesia,4,9,702,,47.36,422.6899355,258.7,2308.908073,,,5.333333333,,160,,7.37,,,,1,,,,,,,,,,,,,,
Wisconsin_ChippewaFalls,Hliana,1,10,106,,6.3,56.22775747,105.7,943.3768198,,,7.666666667,,120,,5.86,,,,0.642857143,,,,,,,,,,,,,,
Wisconsin_ChippewaFalls,Hliana,2,10,308,,42.6,380.206741,241.7,2157.182378,,,9.666666667,,116.3333333,,5.24,,,,0.526315789,,,,,,,,,,,,,,
Wisconsin_ChippewaFalls,Hliana,3,10,501,,35.13,313.5366857,301.7,2692.68483,,,11,,132,,4.66375,,,,1.0625,,,,,,,,,,,,,,
Wisconsin_ChippewaFalls,Hliana,4,10,707,,26.94,240.440601,229.7,2050.081887,,,12.33333333,,124.3333333,,5.46,,,,0.681818182,,,,,,,,,,,,,,
Wisconsin_ChippewaFalls,Hlukhovskii 51,1,11,107,,12.64,112.8125166,190.7,1702.005294,,,6.333333333,,72.33333333,,6.2275,,,,0.727272727,,,,,,,,,,,,,,
Wisconsin_ChippewaFalls,Hlukhovskii 51,2,11,302,,23.78,212.2374718,281.7,2514.184013,,,8.666666667,,128.3333333,,6.39625,,,,0.444444444,,,,,,,,,,,,,,
Wisconsin_ChippewaFalls,Hlukhovskii 51,3,11,507,,30.35,270.8749904,253.7,2264.282868,,,10.66666667,,88,,6.02625,,,,1.285714286,,,,,,,,,,,,,,
Wisconsin_ChippewaFalls,Hlukhovskii 51,4,11,801,,44.4,396.2718146,300.7,2683.759789,,,5.333333333,,142.6666667,,6.5975,,,,0.777777778,,,,,,,,,,,,,,
Wisconsin_ChippewaFalls,Katani,1,12,206,,12.67,113.0802678,22.7,202.5984277,,,7.666666667,,91.66666667,,4.1025,,,,2.285714286,,,,,,,,,,,,,,
Wisconsin_ChippewaFalls,Katani,2,12,208,,43.83,391.1845413,272.7,2433.858645,,,12.66666667,,142.3333333,,6.0775,,,,1.235294118,,,,,,,,,,,,,,
Wisconsin_ChippewaFalls,Katani,3,12,601,,66.78,596.0142292,58.7,523.899899,,,7.333333333,,82.66666667,,3.77375,,,,0.466666667,,,,,,,,,,,,,,
Wisconsin_ChippewaFalls,Katani,4,12,802,,49.11,438.308757,90.7,809.5012068,,,6.666666667,,78.33333333,,3.9775,,,,0.176470588,,,,,,,,,,,,,,
Wisconsin_ChippewaFalls,Picolo,1,13,102,,4.5,40.16268391,8.7,77.64785555,,,6.333333333,,83,,4.20625,,,,0.461538462,,,,,,,,,,,,,,
Wisconsin_ChippewaFalls,Picolo,2,13,406,,36.68,327.3704991,57.7,514.9748581,,,10.66666667,,80.33333333,,5.02875,,,,0.777777778,,,,,,,,,,,,,,
Wisconsin_ChippewaFalls,Picolo,3,13,604,,40.84,364.4986691,52.7,470.3496538,,,11.66666667,,90,,3.7525,,,,0.590909091,,,,,,,,,,,,,,
Wisconsin_ChippewaFalls,Picolo,4,13,701,,52.14,465.3516309,39.7,354.3241225,,,6.333333333,,85.66666667,,5.48,,,,0.357142857,,,,,,,,,,,,,,
Wisconsin_ChippewaFalls,USO 31,1,14,203,,22.96,204.9189383,207.7,1853.730988,,,4.666666667,,118.3333333,,6.15375,,,,0.4,,,,,,,,,,,,,,
Wisconsin_ChippewaFalls,USO 31,2,14,306,,30,267.751226,242.7,2166.107419,,,8.333333333,,137,,6.075,,,,0.785714286,,,,,,,,,,,,,,
Wisconsin_ChippewaFalls,USO 31,3,14,603,,72.15,643.9416986,306.7,2737.310034,,,9.666666667,,145.3333333,,7.15875,,,,0.933333333,,,,,,,,,,,,,,
Wisconsin_ChippewaFalls,USO 31,4,14,705,,43.81,391.0060404,354.7,3165.711996,,,13.33333333,,144.6666667,,6.645,,,,0.379310345,,,,,,,,,,,,,,
Wisconsin_ChippewaFalls,X-59,1,15,104,,13.73,122.5408111,17.7,157.9732234,,,3,,96,,3.6325,,,,0.285714286,,,,,,,,,,,,,,
Wisconsin_ChippewaFalls,X-59,2,15,407,,162.76,1452.639652,138.7,1237.903168,,,10.33333333,,97.66666667,,4.95,,,,0.55,,,,,,,,,,,,,,
Wisconsin_ChippewaFalls,X-59,3,15,503,,92.14,822.3532656,90.7,809.5012068,,,9.333333333,,98,,3.82875,,,,0.647058824,,,,,,,,,,,,,,
Wisconsin_ChippewaFalls,X-59,4,15,606,,96.59,862.0696975,69.7,622.0753485,,,8.333333333,,106.3333333,,4.97,,,,0.5625,,,,,,,,,,,,,,
